Date,Close,Open,High,Low
2019-01-28,10944.4,11058.0,11095.9,10603.6
2019-01-29,10982.3,10906.5,10982.3,10830.8
2019-01-30,11095.9,11739.7,11739.7,10982.3
2019-01-31,11133.7,11209.5,11285.2,11095.9
2019-02-01,11171.6,11133.7,11209.5,11095.9
2019-02-11,11436.7,11285.2,11701.8,11209.5
2019-02-12,11550.3,11436.7,11588.2,11436.7
2019-02-13,11550.3,11588.2,11626.0,11474.6
2019-02-14,11398.8,11550.3,11550.3,11398.8
2019-02-15,11436.7,11398.8,11512.4,11361.0
2019-02-18,11512.4,11436.7,11550.3,11436.7
2019-02-19,11474.6,11550.3,11550.3,11436.7
2019-02-20,11512.4,11474.6,11550.3,11436.7
2019-02-21,11398.8,11512.4,11626.0,11398.8
2019-02-22,11550.3,11436.7,11663.9,11361.0
2019-02-25,11739.7,11626.0,11891.1,11550.3
2019-02-26,11663.9,11663.9,11815.4,11588.2
2019-02-27,11588.2,11663.9,11701.8,11550.3
2019-02-28,11247.3,11663.9,11663.9,11247.3
2019-03-01,11361.0,11285.2,11398.8,11171.6
2019-03-04,11512.4,11361.0,11550.3,11323.1
2019-03-05,11474.6,11512.4,11626.0,11398.8
2019-03-06,11474.6,11436.7,11512.4,11361.0
2019-03-07,11550.3,11512.4,11626.0,11474.6
2019-03-08,11474.6,11512.4,11588.2,11436.7
2019-03-11,11512.4,11474.6,11588.2,11436.7
2019-03-12,11701.8,11550.3,11701.8,11474.6
2019-03-13,11891.1,11777.5,12004.7,11701.8
2019-03-14,11929.0,11891.1,12118.4,11853.3
2019-03-15,12004.7,11966.9,12042.6,11853.3
2019-03-18,12080.5,12042.6,12194.1,12004.7
2019-03-19,11853.3,12118.4,12118.4,11815.4
2019-03-20,11739.7,11891.1,11891.1,11626.0
2019-03-21,11512.4,11739.7,11891.1,11512.4
2019-03-22,11550.3,11512.4,11626.0,11512.4
2019-03-25,11398.8,11512.4,11512.4,11323.1
2019-03-26,11474.6,11436.7,11512.4,11398.8
2019-03-27,11512.4,11512.4,11588.2,11436.7
2019-03-28,11474.6,11512.4,11550.3,11436.7
2019-03-29,11474.6,11474.6,11550.3,11436.7
2019-04-01,11474.6,11474.6,11550.3,11474.6
2019-04-02,11474.6,11550.3,11626.0,11474.6
2019-04-03,11398.8,11550.3,11550.3,11323.1
2019-04-04,11436.7,11323.1,11474.6,11323.1
2019-04-05,11436.7,11436.7,11512.4,11398.8
2019-04-08,11663.9,11436.7,11701.8,11436.7
2019-04-09,11550.3,11663.9,11739.7,11550.3
2019-04-10,11436.7,11474.6,11550.3,11436.7
2019-04-11,11474.6,11588.2,11588.2,11398.8
2019-04-12,11436.7,11436.7,11474.6,11361.0
2019-04-16,11361.0,11436.7,11436.7,11285.2
2019-04-17,11323.1,11398.8,11474.6,11323.1
2019-04-18,11247.3,11095.9,11361.0,11095.9
2019-04-19,11209.5,11285.2,11323.1,11209.5
2019-04-22,11095.9,11247.3,11247.3,11020.1
2019-04-23,11209.5,11133.7,11323.1,11020.1
2019-04-24,11398.8,11247.3,11436.7,11171.6
2019-04-25,11361.0,11398.8,11512.4,11323.1
2019-04-26,11398.8,11361.0,11436.7,11323.1
2019-05-02,11247.3,11436.7,11474.6,11247.3
2019-05-03,11361.0,11285.2,11361.0,11285.2
2019-05-06,11133.7,11361.0,11361.0,11133.7
2019-05-07,11171.6,11361.0,11361.0,11058.0
2019-05-08,11171.6,11095.9,11209.5,11020.1
2019-05-09,11020.1,11133.7,11171.6,11020.1
2019-05-10,11095.9,11020.1,11133.7,10982.3
2019-05-13,11058.0,11133.7,11209.5,11058.0
2019-05-14,11020.1,11058.0,11095.9,10944.4
2019-05-15,11171.6,11020.1,11247.3,11020.1
2019-05-16,11095.9,11209.5,11209.5,11058.0
2019-05-17,11058.0,11095.9,11133.7,11058.0
2019-05-20,11095.9,11095.9,11171.6,11020.1
2019-05-21,11133.7,11133.7,11247.3,11095.9
2019-05-22,11209.5,11133.7,11323.1,11133.7
2019-05-23,11171.6,11323.1,11361.0,11095.9
2019-05-24,11058.0,10300.6,11171.6,10300.6
2019-05-27,10982.3,11020.1,11058.0,10982.3
2019-05-28,10944.4,10982.3,11058.0,10944.4
2019-05-29,11058.0,10944.4,11058.0,10868.6
2019-05-30,11020.1,11020.1,11058.0,10982.3
2019-05-31,10982.3,10982.3,11020.1,10868.6
2019-06-03,10868.6,10868.6,10982.3,10830.8
2019-06-04,10830.8,10868.6,10982.3,10830.8
2019-06-05,10944.4,10830.8,10944.4,10830.8
2019-06-06,10792.9,10944.4,10944.4,10755.0
2019-06-07,10868.6,10792.9,10906.5,10792.9
2019-06-10,10830.8,10868.6,10944.4,10830.8
2019-06-11,10830.8,10830.8,10868.6,10830.8
2019-06-12,10792.9,10830.8,10868.6,10792.9
2019-06-13,10830.8,10792.9,10868.6,10792.9
2019-06-14,10868.6,10830.8,10982.3,10830.8
2019-06-17,10868.6,10868.6,10944.4,10830.8
2019-06-18,10944.4,10868.6,10982.3,10868.6
2019-06-19,10944.4,10944.4,11020.1,10906.5
2019-06-20,11209.5,10944.4,11209.5,10906.5
2019-06-21,11171.6,11209.5,11361.0,11133.7
2019-06-24,11171.6,11171.6,11247.3,11133.7
2019-06-25,11058.0,11171.6,11209.5,10982.3
2019-06-26,10982.3,10982.3,11058.0,10982.3
2019-06-27,10830.8,10982.3,11020.1,10830.8
2019-06-28,10944.4,10830.8,10944.4,10792.9
2019-07-01,11058.0,11133.7,11133.7,10982.3
2019-07-02,10944.4,11058.0,11058.0,10944.4
2019-07-03,10906.5,10982.3,11020.1,10868.6
2019-07-04,11058.0,10944.4,11095.9,10944.4
2019-07-05,11058.0,11095.9,11133.7,11020.1
2019-07-08,10982.3,11058.0,11133.7,10944.4
2019-07-09,11285.2,10982.3,11285.2,10982.3
2019-07-10,11209.5,11285.2,11361.0,11209.5
2019-07-11,11436.7,11209.5,11512.4,11209.5
2019-07-12,11398.8,11474.6,11512.4,11361.0
2019-07-15,11361.0,11398.8,11436.7,11323.1
2019-07-16,11436.7,11361.0,11512.4,11361.0
2019-07-17,11626.0,11436.7,11701.8,11436.7
2019-07-18,11663.9,11512.4,11663.9,11436.7
2019-07-19,11815.4,12118.4,12118.4,11663.9
2019-07-22,11739.7,12989.4,12989.4,11626.0
2019-07-23,11663.9,11739.7,11777.5,11626.0
2019-07-24,11626.0,11663.9,11777.5,11474.6
2019-07-25,11667.7,11716.9,11864.6,11667.7
2019-07-26,11520.0,11716.9,11716.9,11470.8
2019-07-29,11323.1,11421.5,11520.0,11273.8
2019-07-30,11273.8,11224.6,11470.8,11224.6
2019-07-31,11224.6,11372.3,11372.3,11175.4
2019-08-01,11076.9,11175.4,11323.1,11027.7
2019-08-02,10978.5,11076.9,11126.2,10830.8
2019-08-05,10830.8,10978.5,10978.5,10732.3
2019-08-06,10683.1,10092.3,10781.5,10092.3
2019-08-07,10633.8,10732.3,10830.8,10633.8
2019-08-08,10830.8,10141.5,10830.8,9846.2
2019-08-09,10781.5,10535.4,10978.5,10535.4
2019-08-12,10830.8,10830.8,10830.8,10732.3
2019-08-13,10781.5,10781.5,10830.8,10633.8
2019-08-14,10683.1,10830.8,10929.2,10683.1
2019-08-15,10683.1,10683.1,10683.1,10486.2
2019-08-16,10781.5,10781.5,10880.0,10584.6
2019-08-19,10830.8,10830.8,10978.5,10781.5
2019-08-20,10929.2,10880.0,10978.5,10880.0
2019-08-21,10978.5,10929.2,11027.7,10880.0
2019-08-22,11175.4,11076.9,11224.6,11027.7
2019-08-23,11126.2,11175.4,11224.6,11027.7
2019-08-26,11076.9,11076.9,11076.9,10880.0
2019-08-27,11076.9,11027.7,11126.2,10978.5
2019-08-28,10929.2,11027.7,11076.9,10929.2
2019-08-29,10880.0,10978.5,11027.7,10830.8
2019-08-30,10929.2,10978.5,11076.9,10880.0
2019-09-03,10880.0,10929.2,11027.7,10781.5
2019-09-04,10830.8,10880.0,10880.0,10732.3
2019-09-05,10830.8,10880.0,10880.0,10781.5
2019-09-06,10781.5,10830.8,10880.0,10683.1
2019-09-09,10781.5,10732.3,10830.8,10683.1
2019-09-10,10683.1,10781.5,10781.5,10633.8
2019-09-11,10732.3,10683.1,10732.3,10633.8
2019-09-12,10929.2,10781.5,10929.2,10732.3
2019-09-13,11126.2,10978.5,11126.2,10880.0
2019-09-16,11027.7,11126.2,11175.4,10978.5
2019-09-17,10978.5,11027.7,11027.7,10880.0
2019-09-18,11027.7,10978.5,11126.2,10929.2
2019-09-19,11372.3,11027.7,11421.5,10978.5
2019-09-20,11421.5,11569.2,12504.6,11372.3
2019-09-23,11470.8,11421.5,11618.5,11372.3
2019-09-24,11421.5,11470.8,11520.0,11372.3
2019-09-25,11323.1,11372.3,11421.5,11273.8
2019-09-26,11470.8,11323.1,11470.8,11273.8
2019-09-27,11421.5,12307.7,12307.7,11421.5
2019-09-30,11520.0,11470.8,11618.5,11421.5
2019-10-01,11667.7,11520.0,11667.7,11470.8
2019-10-02,11618.5,11569.2,11716.9,11569.2
2019-10-03,11618.5,11569.2,11618.5,11470.8
2019-10-04,11618.5,11618.5,11716.9,11569.2
2019-10-07,11421.5,11618.5,11618.5,11421.5
2019-10-08,11470.8,11421.5,11520.0,11372.3
2019-10-09,11667.7,11520.0,11667.7,11470.8
2019-10-10,11815.4,11667.7,11963.1,11667.7
2019-10-11,11815.4,11815.4,11913.8,11766.2
2019-10-14,12061.5,11815.4,12061.5,11815.4
2019-10-15,12012.3,12061.5,12110.8,11963.1
2019-10-16,12012.3,12061.5,12110.8,12012.3
2019-10-17,12012.3,11963.1,12012.3,11864.6
2019-10-18,11864.6,12061.5,12061.5,11815.4
2019-10-21,11520.0,11815.4,11913.8,11520.0
2019-10-22,11569.2,11520.0,11569.2,11470.8
2019-10-23,11569.2,11569.2,11667.7,11569.2
2019-10-24,11618.5,11618.5,11618.5,11520.0
2019-10-25,11618.5,11618.5,11618.5,11520.0
2019-10-28,11667.7,11618.5,11766.2,11618.5
2019-10-29,11667.7,11716.9,11766.2,11618.5
2019-10-30,11963.1,11716.9,12012.3,11618.5
2019-10-31,11864.6,11963.1,12012.3,11864.6
2019-11-01,11913.8,11667.7,11963.1,11667.7
2019-11-04,12110.8,11913.8,12160.0,11913.8
2019-11-05,12110.8,12160.0,12258.5,12110.8
2019-11-06,12110.8,12209.2,12209.2,12061.5
2019-11-07,12110.8,12110.8,12160.0,12061.5
2019-11-08,12209.2,12258.5,12356.9,12110.8
2019-11-11,12160.0,12209.2,12258.5,12160.0
2019-11-12,12160.0,12160.0,12160.0,12061.5
2019-11-13,12307.7,12160.0,12455.4,12160.0
2019-11-14,12061.5,12307.7,12356.9,12061.5
2019-11-15,12012.3,12012.3,12110.8,12012.3
2019-11-18,11864.6,12012.3,12061.5,11815.4
2019-11-19,11913.8,11864.6,11913.8,11815.4
2019-11-20,11766.2,11963.1,11963.1,11766.2
2019-11-21,11815.4,10830.8,11864.6,10830.8
2019-11-22,11421.5,11815.4,11815.4,11372.3
2019-11-25,11520.0,11470.8,11618.5,11421.5
2019-11-26,11618.5,11569.2,11667.7,11569.2
2019-11-27,11421.5,11618.5,11667.7,11421.5
2019-11-28,11273.8,11470.8,11470.8,11224.6
2019-11-29,11372.3,11273.8,11372.3,11224.6
2019-12-02,11126.2,11372.3,11421.5,11076.9
2019-12-03,11126.2,11175.4,11273.8,11027.7
2019-12-04,11372.3,11175.4,11372.3,11076.9
2019-12-05,11323.1,11421.5,11421.5,11273.8
2019-12-06,11323.1,11323.1,11372.3,11273.8
2019-12-09,11273.8,11323.1,11323.1,11175.4
2019-12-10,11224.6,11273.8,11323.1,11126.2
2019-12-11,11273.8,11224.6,11273.8,11126.2
2019-12-12,11323.1,11273.8,11372.3,11273.8
2019-12-13,11421.5,11323.1,11470.8,11323.1
2019-12-16,11323.1,11421.5,11421.5,11323.1
2019-12-17,11224.6,11323.1,11323.1,11224.6
2019-12-18,11076.9,11175.4,11224.6,11076.9
2019-12-19,11076.9,11126.2,11126.2,11027.7
2019-12-20,11175.4,11126.2,11175.4,11076.9
2019-12-23,11224.6,11175.4,11323.1,11175.4
2019-12-24,11175.4,11273.8,11273.8,11175.4
2019-12-25,11273.8,11224.6,11273.8,11126.2
2019-12-26,11126.2,11224.6,11224.6,11126.2
2019-12-27,11175.4,11126.2,11175.4,11076.9
2019-12-30,11175.4,11175.4,11273.8,11126.2
2019-12-31,11224.6,11175.4,11273.8,11076.9
2020-01-02,11323.1,11224.6,11323.1,11175.4
2020-01-03,11323.1,11323.1,11421.5,11273.8
2020-01-06,11076.9,11323.1,11323.1,11076.9
2020-01-07,11076.9,11076.9,11175.4,11076.9
2020-01-08,10880.0,11076.9,11076.9,10830.8
2020-01-09,11027.7,10929.2,11126.2,10929.2
2020-01-10,11175.4,11076.9,11372.3,11076.9
2020-01-13,11273.8,11273.8,11273.8,11175.4
2020-01-14,11569.2,11273.8,11569.2,11273.8
2020-01-15,11470.8,11569.2,11569.2,11421.5
2020-01-16,11766.2,11470.8,11815.4,11470.8
2020-01-17,11716.9,11815.4,11864.6,11667.7
2020-01-20,11963.1,11716.9,12160.0,11716.9
2020-01-21,12061.5,12061.5,12160.0,11963.1
2020-01-22,12061.5,12110.8,12110.8,11963.1
2020-01-30,11618.5,11913.8,11963.1,11421.5
2020-01-31,11323.1,11569.2,11716.9,11273.8
2020-02-03,11126.2,10978.5,11323.1,10683.1
2020-02-04,11421.5,11273.8,11421.5,11076.9
2020-02-05,11323.1,11520.0,11569.2,11273.8
2020-02-06,11815.4,11372.3,11815.4,11323.1
2020-02-07,11716.9,11815.4,11864.6,11618.5
2020-02-10,11618.5,11716.9,11766.2,11520.0
2020-02-11,11667.7,11618.5,11716.9,11569.2
2020-02-12,12603.1,11716.9,12652.3,11716.9
2020-02-13,12553.8,12603.1,12652.3,12356.9
2020-02-14,12996.9,12553.8,13193.9,12553.8
2020-02-17,12996.9,12947.7,13144.6,12800.0
2020-02-18,13095.4,12996.9,13341.5,12947.7
2020-02-19,12947.7,13046.2,13144.6,12750.8
2020-02-20,12996.9,12947.7,13292.3,12849.2
2020-02-21,12652.3,12258.5,13095.4,12258.5
2020-02-24,11815.4,12553.8,12603.1,11716.9
2020-02-25,12356.9,11569.2,12356.9,11372.3
2020-02-26,12110.8,12307.7,12356.9,11963.1
2020-02-27,12553.8,11913.8,12553.8,11913.8
2020-02-28,12406.2,11323.1,12455.4,11323.1
2020-03-02,12406.2,12012.3,12553.8,12012.3
2020-03-03,12603.1,12603.1,12750.8,12455.4
2020-03-04,12701.5,12603.1,12701.5,12455.4
2020-03-05,12603.1,12800.0,12996.9,12504.6
2020-03-06,12455.4,12553.8,12553.8,12356.9
2020-03-09,11470.8,12160.0,12160.0,11323.1
2020-03-10,11913.8,11323.1,12209.2,11273.8
2020-03-11,11520.0,11963.1,12012.3,11323.1
2020-03-12,10880.0,11323.1,11323.1,10584.6
2020-03-13,10830.8,10584.6,11076.9,10092.3
2020-03-16,10289.2,10830.8,10978.5,10190.8
2020-03-17,10387.7,10240.0,10535.4,9895.4
2020-03-18,10436.9,10486.2,10633.8,10289.2
2020-03-19,10387.7,10338.5,10486.2,10190.8
2020-03-20,10535.4,11421.5,11421.5,10338.5
2020-03-23,9501.5,10436.9,10535.4,9501.5
2020-03-24,9649.2,9403.1,9796.9,9403.1
2020-03-25,10092.3,9846.2,10240.0,9846.2
2020-03-26,9698.5,10141.5,10141.5,9698.5
2020-03-27,9698.5,9698.5,9895.4,9600.0
2020-03-30,8960.0,9600.0,9600.0,8812.3
2020-03-31,8763.1,8960.0,9255.4,8566.2
2020-04-01,9156.9,7926.2,9353.8,7926.2
2020-04-03,9403.1,8910.8,9550.8,8910.8
2020-04-06,10141.5,9550.8,10240.0,9403.1
2020-04-07,9993.8,10338.5,10338.5,9846.2
2020-04-08,9944.6,10978.5,10978.5,9698.5
2020-04-09,9846.2,10929.2,10929.2,9846.2
2020-04-10,9747.7,9353.8,9944.6,9353.8
2020-04-13,9846.2,8812.3,10043.1,8812.3
2020-04-14,9846.2,9846.2,9944.6,9698.5
2020-04-15,9944.6,9846.2,10190.8,9846.2
2020-04-16,10043.1,9944.6,10043.1,9895.4
2020-04-17,10338.5,10092.3,10387.7,10092.3
2020-04-20,10190.8,10436.9,10436.9,10141.5
2020-04-21,9747.7,10141.5,10141.5,9698.5
2020-04-22,10043.1,9747.7,10043.1,9550.8
2020-04-23,9993.8,10092.3,10240.0,9993.8
2020-04-24,9993.8,9944.6,10043.1,9846.2
2020-04-27,9895.4,9993.8,10141.5,9846.2
2020-04-28,9993.8,9895.4,10043.1,9846.2
2020-04-29,10092.3,9993.8,10092.3,9944.6
2020-05-04,9993.8,10092.3,10092.3,9895.4
2020-05-05,9993.8,9944.6,10043.1,9944.6
2020-05-06,10240.0,10043.0,10437.0,9945.0
2020-05-07,10437.0,10289.0,10437.0,10240.0
2020-05-08,10535.0,10486.0,10782.0,10338.0
2020-05-11,10683.0,10782.0,10782.0,10535.0
2020-05-12,10732.0,10683.0,10831.0,10535.0
2020-05-13,10683.0,10831.0,10831.0,10585.0
2020-05-14,10535.0,10683.0,10732.0,10535.0
2020-05-15,10683.0,10585.0,10929.0,10535.0
2020-05-18,10732.0,10782.0,10782.0,10535.0
2020-05-19,10929.0,10831.0,11077.0,10831.0
2020-05-20,10929.0,10880.0,11028.0,10831.0
2020-05-21,11028.0,10929.0,11175.0,10782.0
2020-05-22,11028.0,11077.0,11175.0,10978.0
2020-05-25,11126.0,11077.0,11175.0,10978.0
2020-05-26,11471.0,11077.0,11569.0,11077.0
2020-05-27,11225.0,11569.0,11668.0,11225.0
2020-05-28,11274.0,11225.0,11422.0,11225.0
2020-05-29,11274.0,11274.0,11323.0,11175.0
2020-06-01,12357.0,11323.0,12357.0,11274.0
2020-06-02,12209.0,12554.0,13046.0,12209.0
2020-06-03,12554.0,12209.0,12554.0,12209.0
2020-06-04,12455.0,12603.0,12652.0,12406.0
2020-06-05,12406.0,12505.0,12505.0,12258.0
2020-06-08,12505.0,12406.0,12800.0,12406.0
2020-06-09,12554.0,12554.0,12603.0,12406.0
2020-06-10,12603.0,12554.0,12751.0,12406.0
2020-06-11,12062.0,12603.0,12702.0,12012.0
2020-06-12,12062.0,11815.0,12062.0,11520.0
2020-06-15,11471.0,12160.0,12160.0,11422.0
2020-06-16,11717.0,11618.0,11914.0,11618.0
2020-06-17,11668.0,11963.0,11963.0,11569.0
2020-06-18,11717.0,11668.0,11766.0,11520.0
2020-06-19,12012.0,11717.0,12062.0,11717.0
2020-06-22,11865.0,12012.0,12160.0,11815.0
2020-06-23,11815.0,11914.0,12012.0,11766.0
2020-06-24,11717.0,11815.0,11963.0,11668.0
2020-06-25,11668.0,11668.0,11717.0,11569.0
2020-06-26,11618.0,11717.0,11815.0,11618.0
2020-06-29,11274.0,11618.0,11618.0,11175.0
2020-06-30,11225.0,11323.0,11471.0,11028.0
2020-07-01,11422.0,11225.0,11471.0,11225.0
2020-07-02,11372.0,11422.0,11520.0,11323.0
2020-07-03,11323.0,11422.0,11471.0,11323.0
2020-07-06,11618.0,11323.0,11668.0,11323.0
2020-07-07,11668.0,11668.0,11815.0,11668.0
2020-07-08,11766.0,11618.0,11815.0,11618.0
2020-07-09,11963.0,11766.0,11963.0,11766.0
2020-07-10,11815.0,11963.0,12012.0,11717.0
2020-07-13,11766.0,11865.0,11914.0,11717.0
2020-07-14,11815.0,11766.0,11865.0,11668.0
2020-07-15,11815.0,11914.0,11914.0,11815.0
2020-07-16,11815.0,11914.0,11914.0,11766.0
2020-07-17,12209.0,11865.0,12308.0,11815.0
2020-07-20,12062.0,12209.0,12258.0,12062.0
2020-07-21,12111.0,12062.0,12111.0,11914.0
2020-07-22,12012.0,12111.0,12209.0,11914.0
2020-07-23,11914.0,12012.0,12012.0,11815.0
2020-07-24,11422.0,11963.0,11963.0,11077.0
2020-07-27,10732.0,10289.0,11274.0,10289.0
2020-07-28,11274.0,10732.0,11274.0,10585.0
2020-07-29,10929.0,11175.0,11225.0,10634.0
2020-07-30,11126.0,10683.0,11126.0,10683.0
2020-07-31,11077.0,11175.0,11175.0,10880.0
2020-08-03,11422.0,10880.0,11422.0,10880.0
2020-08-04,11668.0,11471.0,11766.0,11471.0
2020-08-05,11815.0,11766.0,12012.0,11668.0
2020-08-06,11717.0,11865.0,11865.0,11668.0
2020-08-07,11668.0,11766.0,11865.0,11569.0
2020-08-10,11717.0,11668.0,11865.0,11668.0
2020-08-11,12505.0,11815.0,12505.0,11766.0
2020-08-12,12505.0,12702.0,12751.0,12406.0
2020-08-13,12554.0,12505.0,12603.0,12455.0
2020-08-14,12455.0,12554.0,12554.0,12308.0
2020-08-17,12702.0,12455.0,12702.0,12406.0
2020-08-18,12603.0,12800.0,12849.0,12603.0
2020-08-19,12603.0,12652.0,12702.0,12505.0
2020-08-20,13312.0,13184.0,13568.0,12800.0
2020-08-21,13568.0,13312.0,13568.0,13184.0
2020-08-24,13440.0,13568.0,13760.0,13440.0
2020-08-25,13504.0,13440.0,13568.0,13312.0
2020-08-26,13568.0,13504.0,13632.0,13376.0
2020-08-27,13760.0,13568.0,13760.0,13504.0
2020-08-28,13696.0,13824.0,13952.0,13632.0
2020-08-31,13568.0,13696.0,13760.0,13504.0
2020-09-01,13504.0,13568.0,13632.0,13440.0
2020-09-03,13568.0,13504.0,13696.0,13440.0
2020-09-04,13504.0,13440.0,13568.0,13312.0
2020-09-07,13312.0,13504.0,13568.0,13312.0
2020-09-08,13184.0,13312.0,13376.0,13184.0
2020-09-09,13376.0,13184.0,13376.0,12992.0
2020-09-10,13376.0,13376.0,13568.0,13376.0
2020-09-11,13312.0,13376.0,13440.0,13248.0
2020-09-14,13568.0,13312.0,13632.0,13312.0
2020-09-15,13632.0,13568.0,13696.0,13504.0
2020-09-16,13568.0,13568.0,13632.0,13504.0
2020-09-17,13760.0,13632.0,13952.0,13504.0
2020-09-18,13888.0,13760.0,13888.0,13696.0
2020-09-21,14080.0,13952.0,14272.0,13824.0
2020-09-22,14272.0,14080.0,14272.0,13888.0
2020-09-23,14400.0,14272.0,14592.0,14272.0
2020-09-24,14208.0,14336.0,14464.0,14080.0
2020-09-25,14208.0,14208.0,14336.0,14016.0
2020-09-28,14464.0,14208.0,14592.0,14208.0
2020-09-29,14336.0,14528.0,14592.0,14272.0
2020-09-30,14400.0,14336.0,14400.0,14208.0
2020-10-01,14400.0,14272.0,14592.0,14208.0
2020-10-02,14720.0,14336.0,15040.0,14336.0
2020-10-05,15104.0,14720.0,15104.0,14656.0
2020-10-06,15360.0,15104.0,15488.0,15104.0
2020-10-07,14976.0,15360.0,15424.0,14912.0
2020-10-08,14848.0,14848.0,15168.0,14720.0
2020-10-09,15040.0,14848.0,15232.0,14784.0
2020-10-12,14912.0,15168.0,15232.0,14912.0
2020-10-13,14976.0,14976.0,14976.0,14784.0
2020-10-14,15360.0,15040.0,15424.0,14976.0
2020-10-15,15680.0,15360.0,15872.0,15296.0
2020-10-16,15808.0,15680.0,16000.0,15488.0
2020-10-19,16192.0,16000.0,16448.0,15936.0
2020-10-20,16192.0,16256.0,16384.0,16000.0
2020-10-21,16128.0,16256.0,16384.0,16128.0
2020-10-22,16384.0,16192.0,16640.0,16000.0
2020-10-23,16384.0,16512.0,16576.0,16320.0
2020-10-26,15872.0,16384.0,16512.0,15872.0
2020-10-27,15616.0,15808.0,15936.0,15616.0
2020-10-28,15232.0,15616.0,15680.0,15168.0
2020-10-29,15296.0,15104.0,15552.0,14848.0
2020-10-30,15424.0,15424.0,15552.0,15232.0
2020-11-02,15680.0,15488.0,15680.0,15360.0
2020-11-03,16000.0,15680.0,16128.0,15680.0
2020-11-04,16320.0,16064.0,16448.0,16064.0
2020-11-05,15936.0,16320.0,16448.0,15936.0
2020-11-06,16064.0,15936.0,16064.0,15872.0
2020-11-09,16256.0,16064.0,16320.0,16064.0
2020-11-10,16192.0,16448.0,16640.0,16192.0
2020-11-11,16256.0,16192.0,16320.0,16128.0
2020-11-12,16896.0,16256.0,16896.0,16256.0
2020-11-13,16960.0,16896.0,17088.0,16832.0
2020-11-16,16768.0,16960.0,17152.0,16768.0
2020-11-17,17408.0,16768.0,17408.0,16768.0
2020-11-18,17408.0,17408.0,17728.0,17216.0
2020-11-19,17408.0,17472.0,17600.0,17280.0
2020-11-20,17472.0,17472.0,17536.0,17152.0
2020-11-23,17472.0,17600.0,17664.0,17280.0
2020-11-24,17472.0,17472.0,17792.0,17344.0
2020-11-25,17472.0,17472.0,17664.0,17344.0
2020-11-26,17536.0,17472.0,17728.0,17280.0
2020-11-27,17408.0,17600.0,17664.0,17408.0
2020-11-30,17408.0,17536.0,17536.0,17280.0
2020-12-01,17472.0,17408.0,17472.0,17152.0
2020-12-09,18272.0,17984.0,18528.0,17792.0
2020-12-10,17888.0,18432.0,18432.0,17856.0
2020-12-11,18048.0,17984.0,18080.0,17792.0
2020-12-14,18048.0,18112.0,18240.0,17984.0
2020-12-15,17920.0,18048.0,18080.0,17856.0
2020-12-16,18080.0,17920.0,18208.0,17920.0
2020-12-17,18112.0,17984.0,18464.0,17952.0
2020-12-18,18176.0,18208.0,18336.0,18112.0
2020-12-21,18528.0,18240.0,18752.0,18144.0
2020-12-22,18400.0,18528.0,18560.0,18304.0
2020-12-23,17984.0,18432.0,18464.0,17920.0
2020-12-24,17472.0,17984.0,18112.0,16960.0
2020-12-25,17888.0,17472.0,17920.0,17408.0
2020-12-28,17792.0,18112.0,18112.0,17696.0
2020-12-29,17728.0,17792.0,17888.0,17664.0
2020-12-30,17792.0,17760.0,18048.0,17760.0
2020-12-31,17984.0,17856.0,18112.0,17824.0
2021-01-04,18336.0,18272.0,18464.0,18240.0
2021-01-05,18784.0,18304.0,18944.0,18112.0
2021-01-06,19136.0,19008.0,19584.0,18752.0
2021-01-07,19136.0,19136.0,19200.0,18944.0
2021-01-08,19328.0,19168.0,19456.0,19072.0
2021-01-11,19424.0,19520.0,19776.0,19296.0
2021-01-12,19264.0,19360.0,19392.0,19168.0
2021-01-13,19104.0,19392.0,19424.0,19008.0
2021-01-14,19104.0,19136.0,19136.0,18688.0
2021-01-15,19360.0,19200.0,19456.0,19168.0
2021-01-18,19168.0,19424.0,19520.0,19136.0
2021-01-19,17856.0,19072.0,19136.0,17856.0
2021-01-20,18112.0,17920.0,18112.0,16832.0
2021-01-21,18528.0,18432.0,18624.0,18144.0
2021-01-22,18336.0,18496.0,18624.0,18240.0
2021-01-25,17984.0,18112.0,18240.0,17952.0
2021-01-26,17792.0,17952.0,18336.0,17600.0
2021-01-27,17600.0,17792.0,18144.0,17408.0
2021-01-28,16384.0,16640.0,17088.0,16384.0
2021-01-29,17152.0,15680.0,17216.0,15680.0
2021-02-01,17056.0,17152.0,17536.0,16832.0
2021-02-02,17504.0,17056.0,17536.0,16864.0
2021-02-03,17984.0,17504.0,18048.0,17408.0
2021-02-04,18048.0,17984.0,18048.0,17792.0
2021-02-05,18240.0,18048.0,18336.0,18016.0
2021-02-08,17600.0,18240.0,18400.0,17408.0
2021-02-09,18272.0,17600.0,18272.0,17472.0
2021-02-17,18816.0,18432.0,18880.0,18368.0
2021-02-18,18656.0,18816.0,18848.0,18432.0
2021-02-19,19904.0,18560.0,19936.0,18496.0
2021-02-22,20224.0,20160.0,20608.0,19904.0
2021-02-23,20288.0,20384.0,20640.0,20128.0
2021-02-24,19968.0,20256.0,20384.0,19840.0
2021-02-25,20736.0,20160.0,20768.0,19904.0
2021-02-26,21152.0,20416.0,21344.0,20416.0
2021-03-01,21280.0,21376.0,21408.0,21056.0
2021-03-02,21120.0,21376.0,21408.0,20992.0
2021-03-03,21280.0,21056.0,21408.0,20928.0
2021-03-04,20736.0,21376.0,21376.0,20512.0
2021-03-05,20768.0,20544.0,20864.0,20224.0
2021-03-08,20352.0,20800.0,20928.0,20192.0
2021-03-09,20512.0,20160.0,20672.0,19904.0
2021-03-10,20960.0,20544.0,21248.0,20416.0
2021-03-11,21120.0,21120.0,21184.0,20960.0
2021-03-12,21088.0,21120.0,21152.0,20896.0
2021-03-15,21440.0,21120.0,21664.0,20864.0
2021-03-16,21408.0,21376.0,21568.0,21152.0
2021-03-17,21440.0,21408.0,21472.0,21248.0
2021-03-18,21728.0,21696.0,21920.0,21440.0
2021-03-19,21632.0,21728.0,21888.0,21568.0
2021-03-22,21376.0,21792.0,21824.0,21344.0
2021-03-23,21120.0,21472.0,21472.0,20992.0
2021-03-24,20768.0,20736.0,20960.0,20512.0
2021-03-25,20512.0,20768.0,20864.0,20416.0
2021-03-26,20768.0,20480.0,20768.0,20064.0
2021-03-29,21120.0,21056.0,21184.0,20736.0
2021-03-30,21312.0,21184.0,21440.0,20960.0
2021-03-31,21312.0,21440.0,21632.0,21280.0
2021-04-01,21664.0,21408.0,21664.0,21312.0
2021-04-02,22176.0,21888.0,22400.0,21760.0
2021-04-05,22240.0,22592.0,22592.0,22144.0
2021-04-06,22240.0,22208.0,22368.0,21856.0
2021-04-07,22016.0,22080.0,22208.0,21952.0
2021-04-08,22016.0,21984.0,22208.0,21888.0
2021-04-09,22016.0,21952.0,22144.0,21888.0
2021-04-12,22496.0,22144.0,22528.0,22048.0
2021-04-13,22144.0,22624.0,22720.0,22016.0
2021-04-14,22144.0,21952.0,22240.0,21856.0
2021-04-15,21664.0,22176.0,22208.0,21632.0
2021-04-16,21184.0,21632.0,21792.0,20928.0
2021-04-19,21568.0,21440.0,21600.0,20992.0
2021-04-20,21504.0,21760.0,22016.0,21248.0
2021-04-22,20800.0,21376.0,21504.0,20800.0
2021-04-23,21376.0,20736.0,21408.0,20544.0
2021-04-26,21312.0,21376.0,21376.0,20864.0
2021-04-27,21760.0,21120.0,21760.0,20896.0
2021-04-28,21632.0,21440.0,21952.0,21376.0
2021-04-29,22176.0,21632.0,22176.0,21504.0
2021-05-04,22048.0,21760.0,22240.0,21440.0
2021-05-05,22592.0,22144.0,22944.0,22144.0
2021-05-06,22272.0,22592.0,22624.0,22176.0
2021-05-07,22528.0,22080.0,22656.0,22080.0
2021-05-10,23168.0,22528.0,23264.0,22528.0
2021-05-11,22912.0,23296.0,23296.0,22912.0
2021-05-12,23136.0,22752.0,23136.0,22656.0
2021-05-13,23168.0,22848.0,23648.0,22848.0
2021-05-14,23328.0,23296.0,23488.0,23072.0
2021-05-17,23392.0,23680.0,23808.0,23328.0
2021-05-18,23200.0,23424.0,23424.0,22976.0
2021-05-19,23424.0,23168.0,23488.0,22976.0
2021-05-20,23936.0,23424.0,24000.0,23424.0
2021-05-21,24000.0,23936.0,24512.0,23872.0
2021-05-24,24000.0,24224.0,24224.0,23840.0
2021-05-25,24320.0,24000.0,24480.0,23872.0
2021-05-26,24608.0,24352.0,24736.0,24352.0
2021-05-27,24448.0,24640.0,25056.0,24256.0
2021-05-28,24896.0,24448.0,24896.0,24352.0
2021-05-31,26496.0,25280.0,26528.0,24960.0
2021-06-01,26944.0,27200.0,27456.0,26880.0
2021-06-02,28544.0,27296.0,28544.0,27200.0
2021-06-03,29376.0,29632.0,29632.0,28544.0
2021-06-04,28992.0,28800.0,29376.0,28800.0
2021-06-07,27520.0,28736.0,28736.0,27040.0
2021-06-08,25728.0,27232.0,27776.0,25728.0
2021-06-09,27168.0,25728.0,27264.0,25600.0
2021-06-10,27280.0,27600.0,28280.0,27280.0
2021-06-11,27720.0,27520.0,28080.0,27040.0
2021-06-14,27280.0,27720.0,27920.0,27080.0
2021-06-15,28280.0,27280.0,28960.0,26800.0
2021-06-16,27760.0,28280.0,28360.0,27600.0
2021-06-17,27920.0,27200.0,28000.0,26960.0
2021-06-18,28000.0,28160.0,28400.0,27920.0
2021-06-21,27800.0,27920.0,28160.0,27720.0
2021-06-22,28520.0,28160.0,28800.0,27880.0
2021-06-23,28640.0,28720.0,29120.0,28560.0
2021-06-24,28960.0,28800.0,29160.0,28480.0
2021-06-25,29080.0,28960.0,29280.0,28840.0
2021-06-28,29360.0,29360.0,29440.0,29040.0
2021-06-29,29160.0,29520.0,29560.0,29160.0
2021-06-30,28560.0,29120.0,29200.0,28480.0
2021-07-01,28760.0,28440.0,28960.0,28080.0
2021-07-02,28880.0,29040.0,29120.0,28800.0
2021-07-05,30360.0,29040.0,30480.0,28720.0
2021-07-06,28800.0,30400.0,30560.0,28800.0
2021-07-07,29240.0,28800.0,29520.0,28080.0
2021-07-08,28960.0,29240.0,29760.0,28800.0
2021-07-09,28160.0,28800.0,29280.0,27200.0
2021-07-12,26200.0,27600.0,27800.0,26200.0
2021-07-13,26320.0,26640.0,26640.0,25840.0
2021-07-14,25400.0,26320.0,26400.0,24880.0
2021-07-15,26200.0,25120.0,26360.0,25080.0
2021-07-16,26880.0,26520.0,26880.0,26240.0
2021-07-19,25720.0,26320.0,26520.0,25560.0
2021-07-20,27120.0,26000.0,27120.0,25600.0
2021-07-21,27040.0,27240.0,27600.0,27000.0
2021-07-22,27280.0,27040.0,27520.0,26560.0
2021-07-23,26400.0,27120.0,27320.0,26400.0
2021-07-26,26160.0,26080.0,26480.0,25640.0
2021-07-27,26520.0,26440.0,26800.0,26400.0
2021-07-28,26520.0,26560.0,26880.0,26440.0
2021-07-29,27320.0,26760.0,27360.0,26640.0
2021-07-30,28920.0,27440.0,28920.0,27440.0
2021-08-02,28440.0,28400.0,28800.0,28280.0
2021-08-03,28640.0,28360.0,28640.0,28000.0
2021-08-04,28400.0,28800.0,28800.0,28240.0
2021-08-05,28800.0,28280.0,28880.0,28240.0
2021-08-06,28440.0,28880.0,28920.0,28360.0
2021-08-09,29200.0,28320.0,29480.0,28120.0
2021-08-10,29200.0,29440.0,29480.0,28960.0
2021-08-11,28800.0,29200.0,29400.0,28800.0
2021-08-12,28240.0,28640.0,28800.0,28240.0
2021-08-13,28280.0,28160.0,28360.0,27440.0
2021-08-16,28560.0,28280.0,28800.0,27840.0
2021-08-17,28480.0,28800.0,28960.0,28320.0
2021-08-18,28440.0,28360.0,28640.0,28240.0
2021-08-19,28240.0,28400.0,28440.0,27960.0
2021-08-20,26880.0,28240.0,28280.0,26440.0
2021-08-23,25600.0,26800.0,26880.0,25600.0
2021-08-24,25840.0,25600.0,26000.0,25360.0
2021-08-25,25960.0,25760.0,26000.0,25520.0
2021-08-26,25560.0,26040.0,26080.0,25440.0
2021-08-27,25400.0,25360.0,25480.0,24640.0
2021-08-30,25720.0,25440.0,25920.0,25280.0
2021-08-31,25600.0,26000.0,26080.0,25600.0
2021-09-01,25600.0,25600.0,26200.0,25560.0
2021-09-06,25640.0,25760.0,25840.0,25560.0
2021-09-07,26000.0,25920.0,26200.0,25760.0
2021-09-08,25720.0,26000.0,26200.0,25680.0
2021-09-09,25960.0,25600.0,25960.0,25560.0
2021-09-10,25840.0,26000.0,26040.0,25800.0
2021-09-13,25520.0,25840.0,25840.0,25520.0
2021-09-14,25200.0,25480.0,25600.0,25200.0
2021-09-15,24960.0,25200.0,25200.0,24920.0
2021-09-16,25040.0,25000.0,25240.0,24960.0
2021-09-17,25280.0,25280.0,25440.0,25080.0
2021-09-20,25680.0,25600.0,25840.0,25480.0
2021-09-21,25440.0,25440.0,25600.0,25160.0
2021-09-22,25280.0,25440.0,25600.0,25280.0
2021-09-23,25280.0,25360.0,25440.0,25200.0
2021-09-24,25600.0,25440.0,25720.0,25280.0
2021-09-27,25200.0,25760.0,25920.0,25200.0
2021-09-28,25280.0,25200.0,25400.0,25120.0
2021-09-29,25080.0,25280.0,25360.0,24920.0
2021-09-30,25240.0,25080.0,25280.0,25040.0
2021-10-01,25200.0,25200.0,25240.0,24880.0
2021-10-04,24800.0,25040.0,25120.0,24480.0
2021-10-05,25200.0,24800.0,25200.0,24800.0
2021-10-06,25080.0,25240.0,25320.0,24880.0
2021-10-07,24960.0,25200.0,25200.0,24960.0
2021-10-08,25160.0,25120.0,25240.0,25000.0
2021-10-11,26080.0,25280.0,26080.0,25280.0
2021-10-12,26080.0,26320.0,26320.0,25920.0
2021-10-13,26080.0,26080.0,26320.0,26000.0
2021-10-14,25840.0,26080.0,26160.0,25760.0
2021-10-15,25760.0,26000.0,26040.0,25680.0
2021-10-18,25600.0,25880.0,26080.0,25600.0
2021-10-19,25840.0,25920.0,25920.0,25520.0
2021-10-20,25840.0,25840.0,26120.0,25440.0
2021-10-21,25400.0,25840.0,25840.0,25400.0
2021-10-22,25280.0,25520.0,25560.0,25160.0
2021-10-25,25000.0,25360.0,25360.0,24880.0
2021-10-26,24880.0,25000.0,25000.0,24640.0
2021-10-27,25120.0,24920.0,25440.0,24920.0
2021-10-28,25480.0,25320.0,25480.0,25200.0
2021-10-29,26400.0,25480.0,26400.0,25400.0
2021-11-01,26160.0,26240.0,26320.0,25920.0
2021-11-02,26520.0,26160.0,26520.0,26040.0
2021-11-03,27080.0,26640.0,27280.0,26600.0
2021-11-04,26800.0,27240.0,27240.0,26760.0
2021-11-05,26800.0,27040.0,27040.0,26640.0
2021-11-08,26720.0,26800.0,26920.0,26560.0
2021-11-09,26760.0,26720.0,27040.0,26680.0
2021-11-10,26720.0,26800.0,26840.0,26520.0
2021-11-11,26400.0,26640.0,26840.0,26000.0
2021-11-12,26680.0,26400.0,26680.0,26120.0
2021-11-15,26720.0,26720.0,26880.0,26600.0
2021-11-16,26520.0,26680.0,26720.0,26240.0
2021-11-17,26640.0,26520.0,26800.0,26240.0
2021-11-18,26000.0,26800.0,26800.0,26000.0
2021-11-19,26760.0,26160.0,27120.0,26040.0
2021-11-22,27320.0,26800.0,27840.0,26400.0
2021-11-23,27160.0,27400.0,27440.0,26960.0
2021-11-24,28280.0,27120.0,28360.0,27000.0
2021-11-25,28120.0,28400.0,28440.0,27960.0
2021-11-26,27680.0,28120.0,28240.0,27680.0
2021-11-29,27320.0,27040.0,27440.0,27040.0
2021-11-30,26640.0,27520.0,27600.0,26560.0
2021-12-01,26800.0,26480.0,26800.0,26440.0
2021-12-02,26560.0,26880.0,26880.0,26560.0
2021-12-03,26040.0,26720.0,26840.0,26040.0
2021-12-06,25840.0,25840.0,26240.0,25320.0
2021-12-07,26360.0,26000.0,26360.0,25680.0
2021-12-08,26480.0,26120.0,26720.0,26040.0
2021-12-09,26640.0,26400.0,26640.0,26240.0
2021-12-10,26720.0,26560.0,26880.0,26480.0
2021-12-13,26720.0,26840.0,27040.0,26640.0
2021-12-14,26640.0,26640.0,26800.0,26480.0
2021-12-15,26720.0,26480.0,26840.0,26440.0
2021-12-16,26400.0,26800.0,26840.0,26400.0
2021-12-17,26560.0,26520.0,26640.0,26440.0
2021-12-20,26480.0,26560.0,26640.0,26280.0
2021-12-21,26240.0,26360.0,26360.0,26240.0
2021-12-22,26160.0,26120.0,26360.0,26120.0
2021-12-23,26000.0,26080.0,26120.0,25600.0
2021-12-24,26400.0,26000.0,26520.0,25760.0
2021-12-27,26520.0,26640.0,26640.0,26320.0
2021-12-28,26920.0,26520.0,27000.0,26440.0
2021-12-29,27040.0,27080.0,27360.0,26960.0
2021-12-30,27120.0,26960.0,27200.0,26800.0
2021-12-31,27600.0,27200.0,27640.0,27200.0
2022-01-04,27520.0,27840.0,27840.0,27400.0
2022-01-05,26960.0,27480.0,27480.0,26920.0
2022-01-06,27000.0,26800.0,27200.0,26480.0
2022-01-07,26640.0,27120.0,27160.0,26640.0
2022-01-10,26400.0,26400.0,26720.0,26360.0
2022-01-11,26200.0,26400.0,26440.0,26160.0
2022-01-12,26480.0,26160.0,26840.0,26040.0
2022-01-13,26680.0,26920.0,27400.0,26520.0
2022-01-14,26440.0,26680.0,26760.0,26400.0
2022-01-17,26200.0,26480.0,26920.0,26200.0
2022-01-18,26240.0,26200.0,26440.0,25840.0
2022-01-19,26400.0,26240.0,26640.0,26240.0
2022-01-20,26360.0,26400.0,26520.0,26160.0
2022-01-21,26760.0,26360.0,27200.0,26320.0
2022-01-24,27480.0,26800.0,27920.0,26800.0
2022-01-25,27880.0,27480.0,28040.0,27480.0
2022-01-26,28360.0,28000.0,28760.0,28000.0
2022-01-27,27920.0,28320.0,28320.0,27640.0
2022-01-28,27640.0,27920.0,28000.0,27520.0
2022-02-07,27760.0,28000.0,28120.0,27720.0
2022-02-08,28600.0,27760.0,28800.0,27760.0
2022-02-09,28480.0,28720.0,28760.0,28400.0
2022-02-10,28440.0,28480.0,28640.0,28280.0
2022-02-11,28560.0,28240.0,29080.0,28200.0
2022-02-14,27200.0,28320.0,28480.0,27200.0
2022-02-15,27600.0,27240.0,27600.0,27200.0
2022-02-16,27360.0,27760.0,27760.0,27200.0
2022-02-17,27440.0,27320.0,27560.0,27280.0
2022-02-18,27080.0,27280.0,27400.0,26960.0
2022-02-21,27520.0,27120.0,27520.0,26840.0
2022-02-22,27760.0,27200.0,27760.0,26880.0
2022-02-23,27680.0,27840.0,28080.0,27680.0
2022-02-24,27560.0,27480.0,27680.0,26760.0
2022-02-25,27480.0,27600.0,27800.0,27440.0
2022-02-28,27120.0,27440.0,27480.0,27120.0
2022-03-01,27080.0,27200.0,27200.0,26840.0
2022-03-02,26320.0,26960.0,27200.0,26320.0
2022-03-03,26760.0,26400.0,26760.0,26320.0
2022-03-04,27440.0,26720.0,27440.0,26400.0
2022-03-07,26600.0,26800.0,27040.0,26520.0
2022-03-08,26080.0,26400.0,26560.0,26040.0
2022-03-09,26160.0,26200.0,26360.0,25920.0
2022-03-10,26320.0,26400.0,26720.0,26320.0
2022-03-11,26160.0,26240.0,26360.0,26080.0
2022-03-14,26160.0,26000.0,26240.0,25960.0
2022-03-15,26240.0,26240.0,26520.0,26160.0
2022-03-16,26240.0,26320.0,26440.0,26120.0
2022-03-17,26240.0,26520.0,26560.0,26240.0
2022-03-18,26240.0,26400.0,26480.0,26240.0
2022-03-21,26360.0,26320.0,26400.0,26160.0
2022-03-22,26640.0,26400.0,26720.0,26400.0
2022-03-23,26560.0,26560.0,26720.0,26520.0
2022-03-24,26320.0,26440.0,26560.0,26280.0
2022-03-25,26160.0,26320.0,26520.0,26160.0
2022-03-28,25880.0,26160.0,26240.0,25840.0
2022-03-29,25880.0,25960.0,26120.0,25840.0
2022-03-30,26080.0,25920.0,26320.0,25840.0
2022-03-31,26440.0,26160.0,26560.0,26080.0
2022-04-01,26720.0,26440.0,26720.0,26400.0
2022-04-04,26800.0,26880.0,26960.0,26720.0
2022-04-05,26400.0,26720.0,26720.0,26360.0
2022-04-06,26560.0,26280.0,26640.0,26200.0
2022-04-07,26880.0,26720.0,27320.0,26600.0
2022-04-08,27080.0,26960.0,27200.0,26920.0
2022-04-12,26760.0,27080.0,27080.0,26680.0
2022-04-13,26920.0,26800.0,27080.0,26640.0
2022-04-14,27040.0,26920.0,27320.0,26880.0
2022-04-15,26840.0,27040.0,27200.0,26760.0
2022-04-18,26240.0,26800.0,26880.0,26240.0
2022-04-19,25320.0,26080.0,26240.0,25280.0
2022-04-20,25520.0,25360.0,25760.0,25320.0
2022-04-21,21050.0,21384.0,21719.0,21050.0
2022-04-22,21585.0,21184.0,21785.0,21184.0
2022-04-25,20382.0,21585.0,21685.0,20382.0
2022-04-26,20649.0,20382.0,20883.0,20048.0
2022-04-27,20649.0,20516.0,20850.0,20248.0
2022-04-28,20716.0,20449.0,20850.0,20449.0
2022-04-29,21852.0,20716.0,21852.0,20549.0
2022-05-04,21217.0,21552.0,21719.0,21217.0
2022-05-05,21184.0,21585.0,21585.0,20917.0
2022-05-06,20716.0,20850.0,21251.0,20616.0
2022-05-09,20449.0,20716.0,20716.0,19847.0
2022-05-10,20583.0,20248.0,20716.0,19981.0
2022-05-11,21117.0,20583.0,21117.0,20449.0
2022-05-12,19714.0,20516.0,20883.0,19714.0
2022-05-13,18377.0,19981.0,20248.0,18377.0
2022-05-16,18444.0,18478.0,19179.0,18377.0
2022-05-17,19547.0,18444.0,19614.0,18377.0
2022-05-18,19346.0,19847.0,19881.0,19246.0
2022-05-19,19112.0,18979.0,19380.0,18778.0
2022-05-20,19413.0,19112.0,19580.0,19112.0
2022-05-23,19012.0,19446.0,19580.0,18912.0
2022-05-24,19246.0,19246.0,19246.0,18812.0
2022-05-25,20048.0,19246.0,20048.0,19246.0
2022-05-26,20282.0,20315.0,20382.0,20048.0
2022-05-27,21251.0,20583.0,21251.0,20449.0
2022-05-30,21351.0,21384.0,21384.0,21050.0
2022-05-31,21084.0,21184.0,21251.0,21050.0
2022-06-01,20783.0,21251.0,21251.0,20783.0
2022-06-02,21176.0,21384.0,21677.0,21176.0
2022-06-03,21134.0,21301.0,21384.0,20800.0
2022-06-06,21134.0,21134.0,21343.0,21050.0
2022-06-07,20841.0,21134.0,21134.0,20299.0
2022-06-08,21468.0,20800.0,21468.0,20591.0
2022-06-09,21510.0,21552.0,21635.0,20925.0
2022-06-10,21050.0,21050.0,21552.0,21009.0
2022-06-13,19964.0,20883.0,20883.0,19881.0
2022-06-14,20131.0,19964.0,20424.0,19630.0
2022-06-15,19714.0,20424.0,20466.0,19296.0
2022-06-16,20131.0,19714.0,20131.0,19714.0
2022-06-17,19296.0,19630.0,19923.0,19087.0
2022-06-20,19129.0,19296.0,19630.0,19046.0
2022-06-21,19213.0,18795.0,19380.0,18795.0
2022-06-22,19839.0,19380.0,19964.0,19380.0
2022-06-23,19839.0,19547.0,19923.0,19254.0
2022-06-24,19881.0,19797.0,20048.0,19630.0
2022-06-27,20006.0,19881.0,20173.0,19756.0
2022-06-28,20466.0,19881.0,20716.0,19797.0
2022-06-29,20215.0,20215.0,20466.0,20048.0
2022-06-30,20048.0,20466.0,20466.0,20006.0
2022-07-01,20090.0,19923.0,20090.0,19630.0
2022-07-04,20257.0,20382.0,20466.0,20048.0
2022-07-05,20424.0,20424.0,20549.0,20257.0
2022-07-06,20215.0,20382.0,20466.0,19714.0
2022-07-07,20173.0,20299.0,20466.0,20131.0
2022-07-08,20048.0,20215.0,20382.0,20048.0
2022-07-11,19630.0,19923.0,20048.0,19630.0
2022-07-12,20048.0,19714.0,20048.0,19630.0
2022-07-13,20048.0,20048.0,20382.0,19881.0
2022-07-14,20090.0,19881.0,20173.0,19881.0
2022-07-15,20048.0,20257.0,20424.0,20048.0
2022-07-18,19964.0,20131.0,20215.0,19964.0
2022-07-19,19964.0,19964.0,20006.0,19881.0
2022-07-20,20299.0,20131.0,20340.0,19964.0
2022-07-21,20591.0,20299.0,20800.0,20215.0
2022-07-22,20340.0,20591.0,20716.0,20340.0
2022-07-25,20090.0,20215.0,20382.0,19964.0
2022-07-26,20090.0,20048.0,20257.0,20048.0
2022-07-27,20215.0,20048.0,20215.0,20006.0
2022-07-28,20424.0,20633.0,20633.0,20382.0
2022-07-29,20549.0,20507.0,20633.0,20424.0
2022-08-01,20883.0,20591.0,20883.0,20466.0
2022-08-02,20800.0,20883.0,20925.0,20633.0
2022-08-03,20841.0,20883.0,20925.0,20633.0
2022-08-04,20883.0,20883.0,21092.0,20800.0
2022-08-05,20758.0,20883.0,20883.0,20466.0
2022-08-08,20674.0,20716.0,20883.0,20591.0
2022-08-09,20841.0,20800.0,20883.0,20633.0
2022-08-10,20758.0,20841.0,20925.0,20674.0
2022-08-11,20674.0,20883.0,20967.0,20633.0
2022-08-12,20716.0,20633.0,20758.0,20549.0
2022-08-15,20841.0,20800.0,21009.0,20716.0
2022-08-16,20758.0,20800.0,20841.0,20591.0
2022-08-17,20841.0,20841.0,20883.0,20758.0
2022-08-18,21009.0,20841.0,21092.0,20716.0
2022-08-19,20758.0,21009.0,21009.0,20716.0
2022-08-22,20591.0,20716.0,20716.0,20549.0
2022-08-23,20716.0,20340.0,20716.0,20215.0
2022-08-24,20758.0,20633.0,20800.0,20591.0
2022-08-25,20883.0,20758.0,20883.0,20674.0
2022-08-26,20716.0,20967.0,21134.0,20674.0
2022-08-29,20507.0,20424.0,20633.0,20299.0
2022-08-30,20507.0,20549.0,20758.0,20507.0
2022-08-31,20591.0,20507.0,20674.0,20507.0
2022-09-05,20466.0,20507.0,20674.0,20424.0
2022-09-06,20591.0,20466.0,20633.0,20424.0
2022-09-07,20299.0,20466.0,20549.0,20299.0
2022-09-08,20048.0,20382.0,20424.0,20048.0
2022-09-09,20048.0,20215.0,20215.0,19839.0
2022-09-12,19839.0,20048.0,20215.0,19839.0
2022-09-13,19881.0,19964.0,20048.0,19714.0
2022-09-14,19630.0,19630.0,19714.0,19505.0
2022-09-15,19672.0,19714.0,19714.0,19588.0
2022-09-16,19338.0,19630.0,19714.0,19296.0
2022-09-19,19087.0,19338.0,19380.0,18962.0
2022-09-20,19129.0,19129.0,19171.0,18878.0
2022-09-21,18878.0,19087.0,19087.0,18878.0
2022-09-22,19046.0,18795.0,19046.0,18795.0
2022-09-23,18878.0,18920.0,19171.0,18878.0
2022-09-26,18544.0,18711.0,18795.0,18210.0
2022-09-27,18711.0,18544.0,18753.0,18461.0
2022-09-28,18377.0,18419.0,18586.0,18335.0
2022-09-29,18377.0,18503.0,18503.0,18294.0
2022-09-30,18544.0,18377.0,18753.0,18252.0
2022-10-03,18043.0,18419.0,18628.0,17793.0
2022-10-04,17542.0,18127.0,18335.0,17542.0
2022-10-05,17375.0,17625.0,17918.0,17375.0
2022-10-06,16707.0,17417.0,17709.0,16707.0
2022-10-07,15579.0,16331.0,16623.0,15537.0
2022-10-10,15621.0,15203.0,15955.0,15203.0
2022-10-11,14618.0,15621.0,15621.0,14577.0
2022-10-12,15621.0,14952.0,15621.0,14869.0
2022-10-13,16665.0,15621.0,16665.0,15454.0
2022-10-14,17417.0,17124.0,17458.0,16874.0
2022-10-17,17500.0,16957.0,17542.0,16915.0
2022-10-18,17876.0,17793.0,17960.0,17625.0
2022-10-19,17625.0,18043.0,18043.0,17542.0
2022-10-20,17834.0,17625.0,17960.0,17291.0
2022-10-21,17041.0,17834.0,17834.0,16915.0
2022-10-24,16289.0,17083.0,17124.0,16038.0
2022-10-25,17041.0,16456.0,17417.0,15997.0
2022-10-26,17250.0,17208.0,17458.0,16874.0
2022-10-27,18419.0,17291.0,18419.0,17124.0
2022-10-28,18628.0,18711.0,18837.0,18419.0
2022-10-31,18711.0,18670.0,18795.0,18085.0
2022-11-01,18753.0,18795.0,19213.0,18670.0
2022-11-02,18210.0,18711.0,18753.0,18210.0
2022-11-03,17834.0,17960.0,18377.0,17834.0
2022-11-04,16832.0,17834.0,17876.0,16665.0
2022-11-07,17250.0,17458.0,17542.0,16874.0
2022-11-08,17793.0,17208.0,18168.0,16832.0
2022-11-09,17333.0,17876.0,18127.0,17291.0
2022-11-10,16707.0,17250.0,17458.0,16289.0
2022-11-11,17375.0,17291.0,17709.0,17083.0
2022-11-14,16957.0,17124.0,17291.0,16665.0
2022-11-15,15955.0,16915.0,17083.0,15955.0
2022-11-16,17041.0,15788.0,17041.0,14952.0
2022-11-17,17584.0,17375.0,17834.0,17375.0
2022-11-18,17667.0,17375.0,17918.0,17208.0
2022-11-21,17208.0,17709.0,17709.0,17208.0
2022-11-22,16999.0,17041.0,17834.0,16999.0
2022-11-23,17250.0,17041.0,17500.0,16999.0
2022-11-24,17542.0,17208.0,17709.0,17041.0
2022-11-25,17960.0,17960.0,17960.0,17584.0
2022-11-28,18586.0,18043.0,18586.0,18001.0
2022-11-29,18503.0,18586.0,18586.0,18127.0
2022-11-30,18461.0,18586.0,18753.0,18210.0
2022-12-01,18795.0,18628.0,19087.0,18377.0
2022-12-02,19630.0,18795.0,19630.0,18503.0
2022-12-05,19714.0,19672.0,20048.0,19380.0
2022-12-06,18628.0,19714.0,19839.0,18628.0
2022-12-07,18628.0,18795.0,18795.0,18168.0
2022-12-08,18920.0,18753.0,19881.0,18461.0
2022-12-09,19254.0,19004.0,19380.0,18753.0
2022-12-12,18795.0,19254.0,19463.0,18795.0
2022-12-13,19254.0,18711.0,19254.0,18586.0
2022-12-14,19338.0,19296.0,19588.0,19004.0
2022-12-15,19380.0,19213.0,19630.0,19213.0
2022-12-16,19213.0,19213.0,19547.0,19087.0
2022-12-19,19004.0,19129.0,19421.0,19004.0
2022-12-20,18837.0,19004.0,19129.0,18544.0
2022-12-21,19046.0,18878.0,19213.0,18628.0
2022-12-22,19129.0,19213.0,19213.0,19004.0
2022-12-23,19129.0,19129.0,19129.0,18628.0
2022-12-26,18461.0,19129.0,19129.0,18461.0
2022-12-27,18461.0,18461.0,18878.0,18377.0
2022-12-28,18377.0,18461.0,18753.0,18335.0
2022-12-29,18377.0,18377.0,18711.0,18210.0
2022-12-30,18294.0,18377.0,18544.0,18210.0
2023-01-03,18962.0,18377.0,18962.0,18335.0
2023-01-04,18920.0,19087.0,19087.0,18837.0
2023-01-05,19087.0,19004.0,19213.0,18920.0
2023-01-06,19338.0,19046.0,19505.0,18878.0
2023-01-09,19296.0,19505.0,19505.0,19171.0
2023-01-10,19588.0,19421.0,19588.0,19171.0
2023-01-11,20215.0,19714.0,20424.0,19588.0
2023-01-12,20466.0,20215.0,20591.0,20215.0
2023-01-13,20173.0,20549.0,20716.0,20173.0
2023-01-16,20883.0,20173.0,20883.0,20173.0
2023-01-17,21134.0,20925.0,21259.0,20841.0
2023-01-18,21301.0,21134.0,21468.0,20967.0
2023-01-19,21719.0,21301.0,21719.0,21259.0
2023-01-27,22011.0,22011.0,22136.0,21635.0
2023-01-30,21217.0,21969.0,22011.0,21217.0
2023-01-31,21760.0,21217.0,21760.0,20883.0
2023-02-01,21050.0,21802.0,21927.0,20967.0
2023-02-02,20883.0,21009.0,21384.0,20716.0
2023-02-03,20466.0,20883.0,21092.0,20382.0
2023-02-06,20800.0,20382.0,21009.0,20173.0
2023-02-07,20549.0,20883.0,20967.0,20382.0
2023-02-08,20591.0,20716.0,20925.0,20507.0
2023-02-09,20466.0,20591.0,20967.0,20466.0
2023-02-10,20215.0,20549.0,20674.0,20215.0
2023-02-13,19964.0,20173.0,20173.0,19881.0
2023-02-14,19923.0,20131.0,20131.0,19881.0
2023-02-15,20507.0,19964.0,20591.0,19839.0
2023-02-16,20716.0,20716.0,20716.0,20382.0
2023-02-17,20716.0,20758.0,20841.0,20507.0
2023-02-20,21552.0,20633.0,21552.0,20591.0
2023-02-21,21301.0,21552.0,21719.0,21301.0
2023-02-22,20758.0,21050.0,21343.0,20758.0
2023-02-23,21217.0,20674.0,21301.0,20257.0
2023-02-24,20549.0,20883.0,21134.0,20507.0
2023-02-27,20257.0,20466.0,20549.0,20131.0
2023-02-28,20382.0,20466.0,20674.0,20257.0
2023-03-01,21009.0,20382.0,21050.0,20215.0
2023-03-02,20925.0,20883.0,21259.0,20883.0
2023-03-03,20466.0,20925.0,21134.0,20466.0
2023-03-06,20299.0,20758.0,20967.0,20299.0
2023-03-07,20466.0,20674.0,20883.0,20299.0
2023-03-08,20883.0,20257.0,20883.0,20257.0
2023-03-09,21176.0,20883.0,21259.0,20800.0
2023-03-10,20800.0,20925.0,21050.0,20674.0
2023-03-13,20466.0,20674.0,20841.0,20340.0
2023-03-14,20090.0,20507.0,20633.0,20006.0
2023-03-15,20716.0,20549.0,20716.0,20424.0
2023-03-16,20382.0,20466.0,20674.0,20173.0
2023-03-17,20340.0,20507.0,20591.0,20340.0
2023-03-20,20048.0,20215.0,20340.0,20048.0
2023-03-21,20215.0,20382.0,20382.0,19923.0
2023-03-22,20173.0,20340.0,20340.0,20090.0
2023-03-23,20466.0,20131.0,20549.0,20006.0
2023-03-24,20507.0,20549.0,20758.0,20466.0
2023-03-27,20424.0,20549.0,20674.0,20340.0
2023-03-28,20424.0,20591.0,20716.0,20424.0
2023-03-29,20382.0,20466.0,20549.0,20340.0
2023-03-30,20549.0,20549.0,20633.0,20507.0
2023-03-31,20883.0,20633.0,21092.0,20591.0
2023-04-03,21092.0,21092.0,21217.0,20883.0
2023-04-04,21009.0,21092.0,21176.0,20925.0
2023-04-05,21134.0,20967.0,21134.0,20925.0
2023-04-06,20800.0,21217.0,21259.0,20800.0
2023-04-07,20925.0,20841.0,20967.0,20800.0
2023-04-10,20883.0,20967.0,21009.0,20758.0
2023-04-11,20841.0,20800.0,20925.0,20633.0
2023-04-12,20758.0,20883.0,20925.0,20716.0
2023-04-13,20841.0,20841.0,20925.0,20758.0
2023-04-14,20841.0,20925.0,20967.0,20758.0
2023-04-17,20883.0,20841.0,20883.0,20716.0
2023-04-18,20674.0,20883.0,20883.0,20674.0
2023-04-19,20382.0,20716.0,20716.0,20382.0
2023-04-20,20257.0,20466.0,20507.0,20215.0
2023-04-21,20257.0,20299.0,20382.0,20257.0
2023-04-24,20215.0,20299.0,20424.0,20131.0
2023-04-25,20173.0,20299.0,20424.0,20131.0
2023-04-26,20173.0,20173.0,20215.0,20006.0
2023-04-27,20173.0,20215.0,20424.0,20131.0
2023-04-28,20215.0,20215.0,20382.0,20173.0
2023-05-04,20633.0,20299.0,20674.0,20299.0
2023-05-05,20591.0,20466.0,20674.0,20466.0
2023-05-08,20841.0,20591.0,20883.0,20549.0
2023-05-09,20800.0,20883.0,20925.0,20716.0
2023-05-10,20800.0,20800.0,20841.0,20716.0
2023-05-11,20800.0,20883.0,20967.0,20716.0
2023-05-12,20883.0,20883.0,20925.0,20716.0
2023-05-15,20883.0,21050.0,21134.0,20841.0
2023-05-16,20883.0,20883.0,20925.0,20800.0
2023-05-17,20800.0,20883.0,21009.0,20758.0
2023-05-18,20883.0,20800.0,20967.0,20758.0
2023-05-19,20841.0,20925.0,20925.0,20674.0
2023-05-22,20925.0,20883.0,20925.0,20800.0
2023-05-23,21176.0,21050.0,21384.0,20883.0
2023-05-24,21009.0,21301.0,21301.0,20841.0
2023-05-25,20967.0,21050.0,21050.0,20800.0
2023-05-26,20883.0,21050.0,21050.0,20841.0
2023-05-29,21009.0,20967.0,21134.0,20883.0
2023-05-30,21050.0,21134.0,21134.0,20883.0
2023-05-31,21217.0,21050.0,21217.0,20883.0
2023-06-01,21400.0,21500.0,21750.0,21250.0
2023-06-02,21800.0,21500.0,22100.0,21450.0
2023-06-05,21750.0,22000.0,22150.0,21650.0
2023-06-06,21800.0,21800.0,21850.0,21700.0
2023-06-07,21850.0,21800.0,22000.0,21800.0
2023-06-08,21600.0,21800.0,21900.0,21600.0
2023-06-09,21550.0,21650.0,21650.0,21300.0
2023-06-12,21450.0,21650.0,21650.0,21350.0
2023-06-13,21600.0,21500.0,21600.0,21400.0
2023-06-14,21650.0,21650.0,21900.0,21600.0
2023-06-15,21700.0,21650.0,21700.0,21550.0
2023-06-16,21800.0,21700.0,22100.0,21600.0
2023-06-19,21650.0,21800.0,21850.0,21600.0
2023-06-20,21650.0,21650.0,21700.0,21500.0
2023-06-21,21700.0,21600.0,21700.0,21550.0
2023-06-22,21650.0,21750.0,21900.0,21650.0
2023-06-23,21900.0,21700.0,21900.0,21600.0
2023-06-26,22250.0,22200.0,22500.0,22000.0
2023-06-27,22200.0,22550.0,22550.0,22200.0
2023-06-28,22300.0,22200.0,22400.0,22100.0
2023-06-29,21900.0,22300.0,22400.0,21900.0
2023-06-30,22050.0,21900.0,22050.0,21800.0
2023-07-03,22050.0,22050.0,22100.0,21950.0
2023-07-04,22000.0,21950.0,22050.0,21900.0
2023-07-05,21950.0,22000.0,22100.0,21950.0
2023-07-06,21700.0,21950.0,22000.0,21650.0
2023-07-07,21700.0,21700.0,21750.0,21500.0
2023-07-10,21950.0,21750.0,22100.0,21700.0
2023-07-11,22000.0,22300.0,22300.0,21950.0
2023-07-12,21850.0,22200.0,22200.0,21800.0
2023-07-13,22000.0,22000.0,22000.0,21800.0
2023-07-14,22000.0,22050.0,22100.0,21800.0
2023-07-17,22000.0,22050.0,22050.0,21900.0
2023-07-18,22000.0,21900.0,22000.0,21850.0
2023-07-19,22000.0,22000.0,22150.0,21950.0
2023-07-20,22000.0,22000.0,22050.0,21900.0
2023-07-21,22100.0,22000.0,22100.0,21900.0
2023-07-24,22050.0,22100.0,22200.0,21950.0
2023-07-25,22300.0,22000.0,22500.0,22000.0
2023-07-26,22300.0,22300.0,22450.0,22200.0
2023-07-27,22150.0,22300.0,22350.0,22050.0
2023-07-28,22200.0,22200.0,22400.0,22050.0
2023-07-31,22950.0,22500.0,22950.0,22450.0
2023-08-01,22850.0,23250.0,23250.0,22750.0
2023-08-02,23100.0,22800.0,23150.0,22800.0
2023-08-03,23450.0,23050.0,23500.0,23000.0
2023-08-04,24400.0,23600.0,24400.0,23250.0
2023-08-07,23750.0,23950.0,24050.0,23600.0
2023-08-08,23400.0,23800.0,23900.0,23300.0
2023-08-09,23200.0,23400.0,23600.0,23150.0
2023-08-10,22900.0,23250.0,23350.0,22900.0
2023-08-11,22900.0,22950.0,23000.0,22600.0
2023-08-14,23050.0,22900.0,23050.0,22800.0
2023-08-15,22850.0,23150.0,23250.0,22850.0
2023-08-16,22900.0,22850.0,23050.0,22800.0
2023-08-17,22700.0,22950.0,23000.0,22700.0
2023-08-18,21900.0,22700.0,22700.0,21900.0
2023-08-21,22000.0,21850.0,22200.0,21850.0
2023-08-22,22050.0,22100.0,22150.0,21600.0
2023-08-23,21850.0,22200.0,22300.0,21850.0
2023-08-24,22050.0,21850.0,22250.0,21850.0
2023-08-25,21950.0,22000.0,22050.0,21850.0
2023-08-28,22050.0,22000.0,22100.0,21950.0
2023-08-29,22050.0,22050.0,22200.0,21950.0
2023-08-30,22450.0,22050.0,22500.0,22050.0
2023-08-31,22600.0,22450.0,22600.0,22450.0
2023-09-05,22750.0,22700.0,23050.0,22650.0
2023-09-06,22950.0,22750.0,22950.0,22600.0
2023-09-07,22900.0,23000.0,23150.0,22750.0
2023-09-08,22750.0,22900.0,22950.0,22700.0
2023-09-11,22350.0,22800.0,22900.0,22250.0
2023-09-12,22750.0,22350.0,22750.0,22200.0
2023-09-13,22550.0,22750.0,22800.0,22450.0
2023-09-14,22450.0,22500.0,22800.0,22400.0
2023-09-15,22650.0,22600.0,22750.0,22450.0
2023-09-18,22450.0,22600.0,22650.0,22300.0
2023-09-19,22300.0,22450.0,22600.0,22250.0
2023-09-20,22450.0,22300.0,22550.0,22250.0
2023-09-21,22400.0,22400.0,22550.0,22350.0
2023-09-22,22300.0,22200.0,22500.0,22100.0
2023-09-25,22000.0,22300.0,22350.0,22000.0
2023-09-26,21900.0,22050.0,22250.0,21850.0
2023-09-27,22000.0,21900.0,22000.0,21750.0
2023-09-28,21750.0,21850.0,22000.0,21700.0
2023-09-29,21850.0,21800.0,22050.0,21800.0
2023-10-02,21900.0,21800.0,21950.0,21700.0
2023-10-03,21600.0,21800.0,21900.0,21600.0
2023-10-04,21600.0,21550.0,21700.0,21500.0
2023-10-05,21600.0,21750.0,21950.0,21600.0
2023-10-06,21800.0,21600.0,21900.0,21550.0
2023-10-09,22500.0,21700.0,22550.0,21700.0
2023-10-10,22800.0,22500.0,22850.0,22500.0
2023-10-11,22700.0,22800.0,22800.0,22550.0
2023-10-12,22700.0,22700.0,22900.0,22500.0
2023-10-13,22650.0,22600.0,22700.0,22500.0
2023-10-16,22600.0,22550.0,22700.0,22400.0
2023-10-17,22450.0,22600.0,22650.0,22450.0
2023-10-18,22050.0,22450.0,22450.0,22050.0
2023-10-19,21800.0,22050.0,22150.0,21800.0
2023-10-20,21900.0,21800.0,22100.0,21800.0
2023-10-23,21800.0,22100.0,22100.0,21700.0
2023-10-24,21900.0,21950.0,22100.0,21800.0
2023-10-25,21900.0,22200.0,22250.0,21900.0
2023-10-26,21100.0,21750.0,21750.0,20950.0
2023-10-27,21550.0,21450.0,21700.0,21200.0
2023-10-30,21300.0,21600.0,21650.0,21300.0
2023-10-31,21400.0,21350.0,21550.0,21250.0
2023-11-01,21600.0,21400.0,21650.0,21350.0
2023-11-02,22300.0,21750.0,22300.0,21600.0
2023-11-03,22050.0,22300.0,22400.0,22050.0
2023-11-06,22200.0,22200.0,22350.0,22100.0
2023-11-07,22100.0,22100.0,22250.0,22100.0
2023-11-08,22800.0,22100.0,22900.0,22050.0
2023-11-09,22550.0,22900.0,22900.0,22550.0
2023-11-10,22400.0,22400.0,22600.0,22250.0
2023-11-13,22450.0,22450.0,22600.0,22200.0
2023-11-14,22700.0,22450.0,22900.0,22450.0
2023-11-15,23250.0,23000.0,23500.0,22950.0
2023-11-16,23300.0,23250.0,23400.0,23100.0
2023-11-17,21889.71,23400.0,23400.0,22550.0
2023-11-20,22057.445,22400.0,22950.0,22150.0
2023-11-21,22265.799,22650.0,22800.0,22500.0
2023-11-22,22384.06,22500.0,22750.0,22350.0
2023-11-23,22514.348,22700.0,22750.0,22200.0
2023-11-24,22493.426,22300.0,22300.0,21800.0
2023-11-27,22519.486,22050.0,22100.0,21850.0
2023-11-28,22474.635,21900.0,22100.0,21700.0
2023-11-29,22424.314,22000.0,22350.0,22000.0
2023-11-30,22487.697,22050.0,22300.0,21950.0
2023-12-01,22650.535,22150.0,22150.0,21750.0
2023-12-04,22735.822,22050.0,22450.0,22000.0
2023-12-05,22900.31,22300.0,22450.0,22050.0
2023-12-06,22899.422,22150.0,22300.0,22000.0
2023-12-07,23026.596,22300.0,22500.0,22200.0
2023-12-08,23178.46,22400.0,22550.0,22300.0
2023-12-11,23320.342,22450.0,22500.0,22250.0
2023-12-12,23427.65,22450.0,22500.0,22300.0
2023-12-13,23565.816,22500.0,22550.0,22300.0
2023-12-14,23567.088,22400.0,22750.0,22300.0
2023-12-15,23695.129,22600.0,22850.0,22550.0
2023-12-18,23818.027,22700.0,22800.0,22650.0
2023-12-19,23940.629,22800.0,23100.0,22800.0
2023-12-20,24098.363,23050.0,23250.0,23050.0
2023-12-21,24335.049,23200.0,23250.0,23050.0
2023-12-22,24657.162,23200.0,23300.0,23200.0
2023-12-25,25084.525,23250.0,23450.0,23200.0
2023-12-26,25627.135,23400.0,23400.0,23250.0
2023-12-27,26039.188,23200.0,23400.0,23200.0
2023-12-28,26300.436,23300.0,23950.0,23300.0
2023-12-29,26513.154,23900.0,24100.0,23800.0
2024-01-02,26599.975,23950.0,24750.0,23950.0
2024-01-03,26711.164,24500.0,25000.0,24250.0
2024-01-04,26732.559,25200.0,25650.0,25100.0
2024-01-05,26734.174,25300.0,25450.0,25050.0
2024-01-08,26705.025,25700.0,25750.0,25200.0
2024-01-09,26692.89,25250.0,25350.0,24950.0
2024-01-10,26741.83,25200.0,25500.0,25000.0
2024-01-11,26799.303,25400.0,25750.0,25150.0
2024-01-12,26972.822,25150.0,26200.0,25050.0
2024-01-15,27411.861,26000.0,26000.0,25300.0
2024-01-16,27422.107,25400.0,25550.0,25050.0
2024-01-17,27559.678,25450.0,25800.0,25350.0
2024-01-18,27111.57,25450.0,25750.0,25350.0
2024-01-19,27400.635,25800.0,25950.0,25650.0
2024-01-22,27670.14,26200.0,26300.0,25800.0
2024-01-23,27864.281,26250.0,26450.0,26050.0
2024-01-24,28049.373,26050.0,26100.0,25700.0
2024-01-25,28152.771,25850.0,25900.0,25600.0
2024-01-26,28203.643,25850.0,26400.0,25850.0
2024-01-29,28317.049,26500.0,26500.0,25950.0
2024-01-30,28364.72,26050.0,26200.0,25900.0
2024-01-31,28339.998,26100.0,26100.0,25550.0
2024-02-01,28250.488,25700.0,26100.0,25700.0
2024-02-02,28207.814,25950.0,26300.0,25850.0
2024-02-05,28159.758,26250.0,28000.0,26150.0
2024-02-06,28259.799,27850.0,27900.0,27650.0
2024-02-07,28314.37,27850.0,28200.0,27850.0
2024-02-15,28374.633,28050.0,28400.0,27200.0
2024-02-16,28369.645,27500.0,27600.0,27300.0
2024-02-19,28349.277,27700.0,27700.0,27200.0
2024-02-20,28323.629,27500.0,27750.0,27350.0
2024-02-21,28318.22,27500.0,27900.0,27400.0
2024-02-22,27715.81,27700.0,27750.0,27500.0
2024-02-23,27399.639,27700.0,28400.0,27300.0
2024-02-26,26833.217,27300.0,27700.0,27100.0
2024-02-27,26467.207,27700.0,27700.0,27350.0
2024-02-28,26375.6,27650.0,28000.0,27550.0
2024-02-29,27046.871,28100.0,28250.0,27700.0
2024-03-01,27224.85,28000.0,28000.0,27550.0
2024-03-04,27406.877,27800.0,28200.0,27400.0
2024-03-05,27158.893,27800.0,28000.0,27550.0
2024-03-06,26920.482,28000.0,28150.0,27550.0
2024-03-07,27165.19,27600.0,27700.0,27400.0
2024-03-08,27561.553,27500.0,27650.0,27000.0
2024-03-11,27812.201,27050.0,27100.0,26650.0
2024-03-12,27744.354,26650.0,26850.0,26600.0
2024-03-13,27924.768,26750.0,27650.0,26750.0
2024-03-14,28071.332,27600.0,27600.0,27050.0
2024-03-15,28182.533,27250.0,27400.0,27000.0
2024-03-18,28293.27,27200.0,27350.0,26700.0
2024-03-19,28322.8,26800.0,27050.0,26750.0
2024-03-20,28217.338,26850.0,27700.0,26800.0
2024-03-21,28032.016,27700.0,28000.0,27550.0
2024-03-22,27696.81,28250.0,28950.0,27900.0
2024-03-25,27148.16,28050.0,28050.0,27500.0
2024-03-26,26600.604,27600.0,27950.0,27350.0
2024-03-27,26603.254,27950.0,28050.0,27600.0
2024-03-28,26388.002,28300.0,28600.0,28200.0
2024-03-29,26450.904,28400.0,28650.0,28150.0
2024-04-01,27015.777,28200.0,28500.0,28100.0
2024-04-02,26727.584,28300.0,28400.0,27900.0
2024-04-03,26759.14,28200.0,28400.0,27900.0
2024-04-04,26540.576,28050.0,28050.0,27550.0
2024-04-05,26359.113,27300.0,27400.0,27100.0
2024-04-08,26323.229,27150.0,27250.0,26950.0
2024-04-09,26248.395,27150.0,27300.0,27050.0
2024-04-10,26505.107,27450.0,27600.0,27100.0
2024-04-11,26585.438,27000.0,27150.0,26900.0
2024-04-12,26693.727,27200.0,28000.0,27000.0
2024-04-15,26907.191,27800.0,28000.0,26850.0
2024-04-16,27069.031,26850.0,27150.0,26750.0
2024-04-17,27268.324,27200.0,27250.0,26750.0
2024-04-19,27498.193,26600.0,26800.0,26450.0
2024-04-22,27647.922,26900.0,26950.0,26700.0
2024-04-23,27730.883,26800.0,26950.0,26550.0
2024-04-24,27736.605,26800.0,27100.0,26700.0
2024-04-25,27778.031,27000.0,27050.0,26750.0
2024-04-26,27732.627,26800.0,27000.0,26600.0
2024-05-02,27693.385,26850.0,27150.0,26800.0
2024-05-03,27625.17,27100.0,27500.0,27100.0
2024-05-06,27732.125,27500.0,27700.0,27350.0
2024-05-07,27776.068,27750.0,27800.0,27500.0
2024-05-08,27838.865,27500.0,27650.0,27300.0
2024-05-09,27652.436,27600.0,27800.0,27500.0
2024-05-10,27761.111,27600.0,27700.0,27450.0
2024-05-13,27797.139,28000.0,28000.0,27650.0
2024-05-14,27837.738,27700.0,27900.0,27650.0
2024-05-15,27896.184,27850.0,27850.0,27700.0
2024-05-16,27924.36,28000.0,28400.0,27800.0
2024-05-17,24838.764,28250.0,28400.0,28200.0
