Date,Close,Open,High,Low
2019-08-31,1.78,1.8,1.85,1.74
2019-09-01,1.77,1.78,1.8,1.72
2019-09-02,1.83,1.77,1.89,1.73
2019-09-03,1.86,1.83,1.94,1.81
2019-09-04,1.78,1.85,1.86,1.74
2019-09-05,1.79,1.78,1.86,1.77
2019-09-06,1.72,1.79,1.83,1.69
2019-09-07,1.77,1.72,1.8,1.71
2019-09-08,1.83,1.77,1.9,1.76
2019-09-09,1.79,1.83,1.87,1.76
2019-09-10,1.8,1.79,1.83,1.77
2019-09-11,1.73,1.8,1.83,1.71
2019-09-12,1.71,1.73,1.74,1.69
2019-09-13,1.58,1.71,1.71,1.51
2019-09-14,1.56,1.58,1.64,1.53
2019-09-15,1.61,1.56,1.64,1.56
2019-09-16,1.58,1.61,1.63,1.55
2019-09-17,1.62,1.58,1.67,1.55
2019-09-18,1.8,1.62,1.84,1.62
2019-09-19,1.87,1.8,1.9,1.73
2019-09-20,1.82,1.87,1.87,1.76
2019-09-21,1.89,1.82,1.89,1.79
2019-09-22,1.82,1.88,1.89,1.77
2019-09-23,1.8,1.81,1.88,1.78
2019-09-24,1.71,1.8,2.06,1.48
2019-09-25,1.75,1.71,1.93,1.63
2019-09-26,1.65,1.74,1.76,1.53
2019-09-27,1.66,1.65,1.68,1.56
2019-09-28,1.68,1.66,1.7,1.63
2019-09-29,1.7,1.67,1.75,1.64
2019-09-30,1.77,1.7,1.77,1.65
2019-10-01,1.83,1.77,1.88,1.75
2019-10-02,2.01,1.83,2.02,1.81
2019-10-03,1.94,2.02,2.03,1.89
2019-10-04,1.97,1.95,1.99,1.89
2019-10-05,1.96,1.97,1.98,1.91
2019-10-06,2.17,1.96,2.27,1.96
2019-10-07,2.4,2.17,2.49,2.1
2019-10-08,2.58,2.4,2.63,2.27
2019-10-09,2.8,2.6,2.94,2.51
2019-10-10,2.63,2.8,2.81,2.48
2019-10-11,2.75,2.63,2.79,2.57
2019-10-12,2.6,2.74,2.75,2.56
2019-10-13,2.49,2.6,2.64,2.44
2019-10-14,2.53,2.48,2.67,2.45
2019-10-15,2.39,2.53,2.59,2.34
2019-10-16,2.38,2.4,2.41,2.18
2019-10-17,2.41,2.37,2.48,2.27
2019-10-18,2.35,2.42,2.5,2.32
2019-10-19,2.35,2.35,2.39,2.29
2019-10-20,2.44,2.35,2.45,2.29
2019-10-21,2.62,2.44,2.67,2.44
2019-10-22,2.61,2.62,2.82,2.56
2019-10-23,2.61,2.6,2.68,2.39
2019-10-24,2.72,2.61,2.77,2.61
2019-10-25,2.84,2.72,2.99,2.62
2019-10-26,2.74,2.84,2.99,2.66
2019-10-27,2.66,2.74,2.76,2.65
2019-10-28,2.66,2.68,2.88,2.66
2019-10-29,2.66,2.66,2.77,2.64
2019-10-30,2.61,2.66,2.68,2.51
2019-10-31,2.72,2.61,2.76,2.54
2019-11-01,2.71,2.72,2.79,2.65
2019-11-02,2.7,2.71,2.74,2.68
2019-11-03,2.66,2.7,2.71,2.62
2019-11-04,2.67,2.66,2.73,2.63
2019-11-05,2.67,2.67,2.69,2.64
2019-11-06,2.74,2.67,2.82,2.65
2019-11-07,2.68,2.74,2.75,2.62
2019-11-08,2.71,2.68,2.73,2.63
2019-11-09,2.8,2.71,2.85,2.7
2019-11-10,2.78,2.8,2.84,2.74
2019-11-11,2.75,2.77,2.78,2.67
2019-11-12,2.82,2.74,2.87,2.73
2019-11-13,3.02,2.82,3.09,2.79
2019-11-14,3.04,3.02,3.16,2.97
2019-11-15,3.04,3.04,3.07,2.81
2019-11-16,2.99,3.04,3.04,2.91
2019-11-17,2.91,2.99,2.99,2.87
2019-11-18,2.79,2.91,2.96,2.7
2019-11-19,2.72,2.79,2.8,2.59
2019-11-20,2.7,2.73,2.79,2.63
2019-11-21,2.54,2.7,2.72,2.48
2019-11-22,2.35,2.55,2.59,2.14
2019-11-23,2.42,2.34,2.46,2.26
2019-11-24,2.22,2.43,2.45,2.2
2019-11-25,2.26,2.22,2.39,2.03
2019-11-26,2.24,2.26,2.35,2.15
2019-11-27,2.22,2.24,2.28,2.1
2019-11-28,2.27,2.22,2.32,2.17
2019-11-29,2.34,2.27,2.37,2.26
2019-11-30,2.24,2.34,2.34,2.2
2019-12-01,2.16,2.23,2.24,2.13
2019-12-02,2.09,2.16,2.17,2.05
2019-12-03,2.12,2.09,2.19,2.06
2019-12-04,2.03,2.12,2.15,2.0
2019-12-05,2.01,2.03,2.07,1.96
2019-12-06,2.09,2.01,2.1,1.97
2019-12-07,2.04,2.09,2.11,2.04
2019-12-08,2.05,2.04,2.08,2.0
2019-12-09,2.09,2.05,2.1,2.02
2019-12-10,2.27,2.1,2.29,2.06
2019-12-11,2.18,2.27,2.3,2.15
2019-12-12,2.11,2.18,2.19,2.03
2019-12-13,2.07,2.11,2.12,2.06
2019-12-14,1.99,2.07,2.09,1.97
2019-12-15,2.07,2.0,2.12,1.96
2019-12-16,1.98,2.07,2.08,1.97
2019-12-17,1.76,1.97,2.0,1.72
2019-12-18,1.87,1.76,1.89,1.62
2019-12-19,1.8,1.87,1.89,1.75
2019-12-20,1.92,1.81,1.92,1.78
2019-12-21,1.86,1.92,1.92,1.86
2019-12-22,1.92,1.86,1.94,1.85
2019-12-23,1.86,1.92,1.95,1.85
2019-12-24,1.84,1.87,1.88,1.82
2019-12-25,1.78,1.84,1.85,1.76
2019-12-26,1.85,1.78,1.96,1.77
2019-12-27,1.88,1.85,1.93,1.85
2019-12-28,1.87,1.88,1.9,1.86
2019-12-29,1.9,1.87,1.92,1.85
2019-12-30,1.82,1.9,1.9,1.81
2019-12-31,1.77,1.82,1.83,1.75
2020-01-01,1.81,1.77,1.85,1.76
2020-01-02,1.74,1.81,1.82,1.71
2020-01-03,1.8,1.74,1.83,1.7
2020-01-04,1.82,1.8,1.84,1.78
2020-01-05,1.8,1.82,1.84,1.79
2020-01-06,1.94,1.79,1.94,1.79
2020-01-07,2.1,1.93,2.14,1.9
2020-01-08,2.19,2.11,2.35,2.11
2020-01-09,2.19,2.19,2.23,2.1
2020-01-10,2.23,2.19,2.25,2.15
2020-01-11,2.28,2.23,2.34,2.22
2020-01-12,2.24,2.28,2.32,2.21
2020-01-13,2.19,2.24,2.24,2.16
2020-01-14,2.38,2.19,2.46,2.18
2020-01-15,2.4,2.37,2.56,2.34
2020-01-16,2.49,2.4,2.51,2.29
2020-01-17,2.7,2.51,2.86,2.46
2020-01-18,2.77,2.7,2.79,2.58
2020-01-19,2.62,2.77,2.85,2.54
2020-01-20,2.69,2.62,2.74,2.55
2020-01-21,2.67,2.69,2.74,2.57
2020-01-22,2.65,2.67,2.69,2.62
2020-01-23,2.47,2.64,2.65,2.43
2020-01-24,2.5,2.47,2.53,2.37
2020-01-25,2.44,2.51,2.51,2.42
2020-01-26,2.57,2.44,2.58,2.43
2020-01-27,2.61,2.58,2.68,2.57
2020-01-28,2.65,2.6,2.67,2.59
2020-01-29,2.78,2.66,2.83,2.64
2020-01-30,2.91,2.78,2.94,2.72
2020-01-31,2.83,2.92,2.92,2.77
2020-02-01,2.84,2.83,2.88,2.75
2020-02-02,2.82,2.83,2.89,2.74
2020-02-03,2.78,2.82,2.87,2.75
2020-02-04,2.74,2.77,2.8,2.68
2020-02-05,2.84,2.74,2.88,2.73
2020-02-06,2.89,2.84,2.94,2.8
2020-02-07,3.3,2.89,3.37,2.89
2020-02-08,3.42,3.31,3.48,3.13
2020-02-09,3.49,3.42,3.5,3.24
2020-02-10,3.39,3.49,3.49,3.29
2020-02-11,3.99,3.39,4.0,3.35
2020-02-12,4.0,3.99,4.2,3.85
2020-02-13,3.88,4.0,4.11,3.71
2020-02-14,4.43,3.87,4.49,3.8
2020-02-15,4.3,4.42,4.61,4.08
2020-02-16,4.45,4.31,4.86,4.05
2020-02-17,4.31,4.45,4.55,3.85
2020-02-18,4.54,4.32,4.64,4.14
2020-02-19,4.39,4.56,4.83,4.22
2020-02-20,4.27,4.39,4.49,4.08
2020-02-21,4.27,4.27,4.51,4.19
2020-02-22,4.11,4.28,4.35,4.06
2020-02-23,4.25,4.1,4.37,4.07
2020-02-24,3.92,4.23,4.29,3.8
2020-02-25,3.49,3.92,3.95,3.49
2020-02-26,3.56,3.49,3.85,3.31
2020-02-27,3.94,3.55,4.13,3.42
2020-02-28,4.16,3.96,4.23,3.75
2020-02-29,4.06,4.18,4.35,4.06
2020-03-01,3.86,4.07,4.23,3.77
2020-03-02,4.24,3.86,4.34,3.82
2020-03-03,4.58,4.22,4.67,4.14
2020-03-04,4.64,4.58,4.97,4.54
2020-03-05,4.71,4.64,4.9,4.63
2020-03-06,4.68,4.7,4.74,4.55
2020-03-07,4.35,4.68,4.68,4.32
2020-03-08,4.05,4.34,4.46,3.86
2020-03-09,4.13,4.06,4.37,3.62
2020-03-10,4.08,4.12,4.21,3.92
2020-03-11,3.82,4.08,4.11,3.55
2020-03-12,2.02,3.82,3.85,1.0
2020-03-13,2.42,1.99,2.74,1.37
2020-03-14,2.14,2.41,2.51,2.07
2020-03-15,2.09,2.15,2.4,2.02
2020-03-16,1.78,2.09,2.09,1.56
2020-03-17,1.87,1.79,2.07,1.74
2020-03-18,1.95,1.88,1.95,1.77
2020-03-19,2.25,1.95,2.37,1.89
2020-03-20,2.26,2.24,2.61,2.05
2020-03-21,2.27,2.27,2.37,2.11
2020-03-22,1.99,2.28,2.33,1.94
2020-03-23,2.25,1.99,2.29,1.94
2020-03-24,2.31,2.27,2.36,2.2
2020-03-25,2.26,2.31,2.34,2.19
2020-03-26,2.31,2.26,2.31,2.21
2020-03-27,2.14,2.32,2.35,2.12
2020-03-28,2.14,2.12,2.15,2.05
2020-03-29,2.01,2.14,2.15,2.01
2020-03-30,2.13,2.01,2.2,2.0
2020-03-31,2.26,2.13,2.3,2.11
2020-04-01,2.28,2.28,2.3,2.14
2020-04-02,2.3,2.29,2.44,2.26
2020-04-03,2.3,2.29,2.38,2.27
2020-04-04,2.32,2.3,2.34,2.26
2020-04-05,2.26,2.32,2.32,2.24
2020-04-06,2.56,2.26,2.56,2.26
2020-04-07,2.72,2.56,2.9,2.56
2020-04-08,3.17,2.73,3.27,2.71
2020-04-09,3.31,3.15,3.47,3.13
2020-04-10,3.22,3.32,3.32,2.95
2020-04-11,3.29,3.24,3.43,3.07
2020-04-12,3.41,3.29,3.63,3.17
2020-04-13,3.37,3.39,3.46,3.23
2020-04-14,3.25,3.37,3.44,3.21
2020-04-15,3.12,3.24,3.3,3.11
2020-04-16,3.48,3.07,3.55,2.98
2020-04-17,3.45,3.49,3.52,3.39
2020-04-18,3.78,3.47,3.82,3.46
2020-04-19,3.6,3.79,3.8,3.53
2020-04-20,3.43,3.59,3.78,3.38
2020-04-21,3.46,3.42,3.57,3.41
2020-04-22,3.68,3.46,3.69,3.44
2020-04-23,3.75,3.68,3.88,3.6
2020-04-24,3.77,3.74,3.89,3.74
2020-04-25,3.79,3.78,3.89,3.74
2020-04-26,3.72,3.78,3.81,3.67
2020-04-27,3.64,3.72,3.74,3.47
2020-04-28,3.65,3.64,3.74,3.56
2020-04-29,3.88,3.64,3.98,3.63
2020-04-30,3.7,3.89,3.97,3.63
2020-05-01,3.76,3.71,3.91,3.71
2020-05-02,3.82,3.75,3.86,3.73
2020-05-03,3.71,3.82,3.86,3.65
2020-05-04,3.75,3.71,3.83,3.51
2020-05-05,3.68,3.76,3.81,3.66
2020-05-06,3.59,3.68,3.76,3.58
2020-05-07,3.76,3.58,3.85,3.57
2020-05-08,3.8,3.76,3.86,3.69
2020-05-09,4.02,3.8,4.21,3.77
2020-05-10,3.76,4.01,4.01,3.54
2020-05-11,3.6,3.76,3.83,3.32
2020-05-12,3.69,3.58,3.79,3.55
2020-05-13,3.76,3.69,3.81,3.64
2020-05-14,3.81,3.77,3.85,3.7
2020-05-15,3.66,3.81,3.83,3.63
2020-05-16,3.76,3.66,3.79,3.62
2020-05-17,3.78,3.76,3.85,3.75
2020-05-18,3.89,3.78,3.95,3.78
2020-05-19,3.95,3.89,3.95,3.78
2020-05-20,4.09,3.95,4.14,3.9
2020-05-21,3.82,4.08,4.17,3.75
2020-05-22,4.06,3.83,4.14,3.8
2020-05-23,3.93,4.06,4.1,3.92
2020-05-24,3.79,3.92,4.03,3.79
2020-05-25,3.86,3.79,3.9,3.79
2020-05-26,3.85,3.86,3.88,3.78
2020-05-27,3.85,3.85,3.91,3.81
2020-05-28,4.04,3.85,4.06,3.83
2020-05-29,3.98,4.05,4.12,3.95
2020-05-30,4.17,3.98,4.18,3.94
2020-05-31,4.13,4.18,4.28,4.04
2020-06-01,4.38,4.13,4.48,4.12
2020-06-02,4.4,4.38,4.62,4.14
2020-06-03,4.48,4.4,4.53,4.3
2020-06-04,4.43,4.49,4.51,4.29
2020-06-05,4.36,4.43,4.48,4.34
2020-06-06,4.35,4.35,4.4,4.31
2020-06-07,4.35,4.35,4.41,4.22
2020-06-08,4.47,4.35,4.47,4.33
2020-06-09,4.44,4.49,4.5,4.36
2020-06-10,4.42,4.44,4.44,4.35
2020-06-11,3.97,4.42,4.45,3.92
2020-06-12,4.08,3.94,4.18,3.86
2020-06-13,4.11,4.08,4.12,4.01
2020-06-14,3.94,4.11,4.11,3.92
2020-06-15,3.93,3.94,3.99,3.66
2020-06-16,4.05,3.93,4.09,3.9
2020-06-17,4.16,4.05,4.19,3.97
2020-06-18,4.14,4.17,4.25,4.1
2020-06-19,4.1,4.14,4.18,4.06
2020-06-20,4.18,4.1,4.21,4.07
2020-06-21,4.18,4.18,4.21,4.14
2020-06-22,4.49,4.18,4.49,4.18
2020-06-23,4.8,4.49,4.94,4.43
2020-06-24,4.71,4.8,4.94,4.51
2020-06-25,4.81,4.7,4.84,4.52
2020-06-26,4.69,4.81,4.86,4.65
2020-06-27,4.41,4.68,4.69,4.31
2020-06-28,4.58,4.4,4.62,4.37
2020-06-29,4.62,4.57,4.65,4.43
2020-06-30,4.56,4.62,4.66,4.54
2020-07-01,4.71,4.56,4.73,4.53
2020-07-02,4.8,4.71,4.92,4.61
2020-07-03,4.73,4.8,4.9,4.71
2020-07-04,4.82,4.73,4.85,4.72
2020-07-05,4.76,4.82,4.83,4.66
2020-07-06,5.36,4.74,5.36,4.74
2020-07-07,5.72,5.36,5.77,5.36
2020-07-08,6.5,5.72,6.5,5.72
2020-07-09,6.08,6.48,6.48,5.96
2020-07-10,6.14,6.09,6.14,5.82
2020-07-11,6.1,6.15,6.23,6.01
2020-07-12,7.35,6.1,7.35,6.1
2020-07-13,7.17,7.34,7.94,7.17
2020-07-14,8.13,7.17,8.17,7.15
2020-07-15,8.64,8.09,8.73,7.92
2020-07-16,8.37,8.65,8.65,8.15
2020-07-17,8.26,8.36,8.49,8.26
2020-07-18,7.97,8.26,8.26,7.83
2020-07-19,8.09,7.96,8.13,7.86
2020-07-20,7.25,8.09,8.09,7.25
2020-07-21,7.31,7.22,7.64,7.06
2020-07-22,7.47,7.31,7.56,7.15
2020-07-23,7.9,7.47,7.95,7.47
2020-07-24,7.44,7.9,7.9,7.44
2020-07-25,7.67,7.43,7.69,7.43
2020-07-26,7.49,7.67,7.92,7.4
2020-07-27,7.09,7.49,7.49,6.72
2020-07-28,7.23,7.08,7.34,7.08
2020-07-29,7.06,7.23,7.4,7.05
2020-07-30,7.41,7.06,7.53,7.06
2020-07-31,7.8,7.41,7.8,7.41
2020-08-01,8.32,7.8,8.32,7.7
2020-08-02,8.28,8.34,8.58,7.64
2020-08-03,9.18,8.3,9.18,8.23
2020-08-04,9.86,9.26,9.86,9.2
2020-08-05,9.53,9.86,9.86,9.45
2020-08-06,10.2,9.48,10.2,9.48
2020-08-07,10.12,10.25,10.25,9.55
2020-08-08,12.72,10.14,12.87,10.14
2020-08-09,13.83,12.76,14.16,12.41
2020-08-10,13.47,13.82,13.82,13.13
2020-08-11,12.97,13.48,13.48,12.45
2020-08-12,16.51,12.97,16.51,12.83
2020-08-13,17.16,16.47,17.98,16.39
2020-08-14,16.94,17.19,17.24,16.52
2020-08-15,19.16,16.98,19.67,16.66
2020-08-16,18.81,19.22,19.29,18.77
2020-08-17,16.61,18.81,19.3,16.5
2020-08-18,16.2,16.8,17.38,16.04
2020-08-19,16.18,16.22,16.92,15.54
2020-08-20,16.04,16.25,16.6,15.96
2020-08-21,13.82,16.07,16.07,13.82
2020-08-22,15.87,13.82,16.02,13.82
2020-08-23,15.16,15.89,15.89,14.76
2020-08-24,15.14,15.18,15.75,14.78
2020-08-25,14.12,15.12,15.2,13.6
2020-08-26,15.18,14.16,15.28,14.1
2020-08-27,14.52,15.25,15.32,14.34
2020-08-28,15.15,14.55,15.41,14.55
2020-08-29,16.41,15.13,16.87,15.06
2020-08-30,16.47,16.42,17.59,16.42
2020-08-31,15.59,16.48,16.91,15.59
2020-09-01,16.07,15.61,16.34,15.27
2020-09-02,14.8,16.14,16.14,14.59
2020-09-03,11.89,14.78,14.78,11.89
2020-09-04,12.39,11.93,12.74,11.83
2020-09-05,10.59,12.41,12.56,10.31
2020-09-06,12.82,10.61,12.82,10.26
2020-09-07,12.47,12.8,12.8,11.42
2020-09-08,11.74,12.55,12.6,11.61
2020-09-09,12.34,11.75,12.58,11.51
2020-09-10,12.52,12.33,13.02,12.33
2020-09-11,12.44,12.52,12.67,12.18
2020-09-12,12.72,12.46,12.72,12.26
2020-09-13,12.05,12.73,12.99,11.89
2020-09-14,12.13,12.05,12.31,11.77
2020-09-15,10.95,12.13,12.18,10.95
2020-09-16,10.73,10.93,11.1,10.6
2020-09-17,10.99,10.73,11.06,10.63
2020-09-18,10.09,11.01,11.01,10.09
2020-09-19,10.13,10.1,10.37,9.97
2020-09-20,9.74,10.11,10.48,9.74
2020-09-21,8.72,9.74,9.79,8.71
2020-09-22,8.74,8.74,8.95,8.71
2020-09-23,7.61,8.74,8.74,7.61
2020-09-24,9.87,7.64,9.87,7.64
2020-09-25,10.71,9.89,10.89,9.5
2020-09-26,10.29,10.74,10.86,10.13
2020-09-27,10.79,10.33,10.79,10.13
2020-09-28,10.28,10.8,10.81,10.28
2020-09-29,10.13,10.24,10.38,9.53
2020-09-30,9.87,10.17,10.17,9.77
2020-10-01,9.65,9.89,10.33,9.62
2020-10-02,9.22,9.6,9.6,9.0
2020-10-03,9.27,9.21,9.42,9.18
2020-10-04,9.39,9.27,9.39,9.13
2020-10-05,9.62,9.39,9.62,9.35
2020-10-06,8.77,9.64,9.64,8.77
2020-10-07,8.99,8.75,8.99,8.68
2020-10-08,9.54,8.99,9.57,8.57
2020-10-09,10.39,9.56,10.45,9.44
2020-10-10,10.52,10.42,10.87,10.42
2020-10-11,10.85,10.51,10.87,10.36
2020-10-12,11.42,10.85,11.61,10.84
2020-10-13,11.0,11.46,11.46,10.95
2020-10-14,10.89,11.02,11.18,10.69
2020-10-15,10.75,10.9,10.9,10.61
2020-10-16,10.59,10.75,10.84,10.46
2020-10-17,10.63,10.59,10.69,10.5
2020-10-18,10.95,10.64,10.95,10.63
2020-10-19,10.91,10.96,10.96,10.7
2020-10-20,9.86,10.9,10.9,9.86
2020-10-21,10.81,9.84,11.01,9.84
2020-10-22,11.96,10.77,12.17,10.77
2020-10-23,12.16,11.97,12.16,11.8
2020-10-24,12.7,12.16,12.92,12.13
2020-10-25,12.15,12.68,12.8,12.15
2020-10-26,11.72,12.15,12.38,11.35
2020-10-27,11.93,11.71,12.4,11.63
2020-10-28,11.45,11.92,11.96,11.36
2020-10-29,11.28,11.45,11.73,11.28
2020-10-30,11.08,11.28,11.29,10.87
2020-10-31,11.23,11.09,11.27,11.04
2020-11-01,11.55,11.19,11.55,11.1
2020-11-02,10.78,11.57,11.6,10.78
2020-11-03,10.39,10.74,10.74,10.21
2020-11-04,10.46,10.4,10.54,9.85
2020-11-05,10.98,10.48,11.22,10.2
2020-11-06,12.16,11.01,12.16,11.01
2020-11-07,11.76,12.18,13.35,11.76
2020-11-08,12.72,11.77,12.85,11.74
2020-11-09,12.49,12.7,12.7,12.22
2020-11-10,13.02,12.53,13.13,12.34
2020-11-11,12.79,13.0,13.3,12.79
2020-11-12,12.41,12.75,12.85,12.41
2020-11-13,12.87,12.4,12.87,12.35
2020-11-14,12.54,12.87,12.87,12.46
2020-11-15,12.12,12.55,12.61,11.87
2020-11-16,12.62,12.08,12.69,12.08
2020-11-17,13.37,12.63,13.37,12.63
2020-11-18,13.56,13.4,14.05,13.13
2020-11-19,13.62,13.6,13.84,13.12
2020-11-20,14.1,13.61,14.29,13.61
2020-11-21,15.45,14.09,15.45,13.94
2020-11-22,14.5,15.48,15.48,14.31
2020-11-23,15.26,14.56,15.26,14.46
2020-11-24,15.64,15.27,15.84,15.25
2020-11-25,14.24,15.66,15.66,14.24
2020-11-26,12.57,14.17,14.33,11.95
2020-11-27,12.49,12.61,12.77,12.23
2020-11-28,13.09,12.51,13.25,12.44
2020-11-29,13.36,13.08,13.36,13.0
2020-11-30,14.26,13.43,14.26,13.43
2020-12-01,13.33,14.27,14.82,13.33
2020-12-02,13.99,13.34,14.09,13.28
2020-12-03,13.97,13.97,14.03,13.77
2020-12-04,12.68,13.95,13.95,12.68
2020-12-05,13.17,12.66,13.23,12.66
2020-12-06,13.5,13.17,13.5,12.89
2020-12-07,13.07,13.55,13.55,13.02
2020-12-08,12.14,13.07,13.1,12.14
2020-12-09,12.62,12.14,12.73,11.98
2020-12-10,11.89,12.63,12.63,11.89
2020-12-11,11.64,11.93,11.93,11.54
2020-12-12,12.22,11.63,12.26,11.63
2020-12-13,12.94,12.23,12.98,12.14
2020-12-14,12.83,12.94,12.94,12.36
2020-12-15,12.68,12.86,12.86,12.53
2020-12-16,13.49,12.68,13.49,12.44
2020-12-17,13.47,13.49,14.42,13.4
2020-12-18,13.5,13.47,13.77,13.37
2020-12-19,13.47,13.53,13.91,13.47
2020-12-20,13.07,13.47,13.59,13.06
2020-12-21,12.31,13.06,13.1,12.31
2020-12-22,12.8,12.3,12.8,12.1
2020-12-23,10.96,12.77,12.77,10.96
2020-12-24,11.58,10.97,11.58,10.07
2020-12-25,11.56,11.59,11.68,11.21
2020-12-26,10.98,11.55,11.59,10.81
2020-12-27,12.15,10.99,12.59,10.9
2020-12-28,12.62,12.22,12.65,12.13
2020-12-29,11.75,12.62,12.62,11.38
2020-12-30,11.25,11.78,11.78,11.1
2020-12-31,11.23,11.25,11.57,11.05
2021-01-01,11.84,11.22,12.16,11.21
2021-01-02,12.21,11.86,12.21,11.6
2021-01-03,13.7,12.22,13.7,11.99
2021-01-04,13.62,13.79,15.02,12.95
2021-01-05,14.52,13.6,14.72,13.22
2021-01-06,17.25,14.55,17.25,14.35
2021-01-07,16.0,17.34,17.34,16.0
2021-01-08,15.24,16.01,16.01,14.96
2021-01-09,17.56,15.28,17.56,15.17
2021-01-10,16.21,17.63,18.24,15.81
2021-01-11,14.65,16.23,16.23,12.82
2021-01-12,13.97,14.59,15.18,13.89
2021-01-13,15.94,13.95,15.94,13.78
2021-01-14,17.96,15.97,17.96,15.65
2021-01-15,20.81,17.98,20.91,17.69
2021-01-16,20.15,20.98,22.68,20.15
2021-01-17,23.32,20.07,23.32,20.07
2021-01-18,22.05,23.42,23.42,21.26
2021-01-19,20.55,22.09,22.42,20.55
2021-01-20,21.88,20.55,21.88,19.62
2021-01-21,18.42,21.95,21.95,18.42
2021-01-22,21.64,18.36,22.31,18.08
2021-01-23,24.79,21.61,24.94,21.61
2021-01-24,24.76,24.8,24.8,23.89
2021-01-25,23.35,24.79,25.17,23.35
2021-01-26,23.11,23.32,23.33,22.07
2021-01-27,20.96,23.11,23.11,20.92
2021-01-28,22.97,20.97,24.06,20.97
2021-01-29,22.73,23.01,23.65,22.49
2021-01-30,23.63,22.77,23.7,22.31
2021-01-31,22.57,23.64,23.98,22.37
2021-02-01,22.89,22.46,22.89,21.97
2021-02-02,23.69,22.93,23.69,22.86
2021-02-03,25.07,23.78,25.07,23.78
2021-02-04,24.5,25.16,25.39,23.34
2021-02-05,26.32,24.72,26.66,24.72
2021-02-06,25.0,26.34,26.34,25.0
2021-02-07,24.74,24.98,25.15,23.97
2021-02-08,25.43,24.74,25.55,24.41
2021-02-09,27.62,25.53,27.62,25.14
2021-02-10,26.83,27.93,28.31,26.48
2021-02-11,27.84,26.79,28.14,26.43
2021-02-12,30.64,27.99,30.64,27.1
2021-02-13,34.18,30.79,34.18,29.84
2021-02-14,33.19,34.33,34.81,32.64
2021-02-15,32.57,33.37,34.41,28.08
2021-02-16,32.01,32.6,32.75,31.39
2021-02-17,32.23,31.98,32.23,30.42
2021-02-18,32.37,32.4,33.44,32.18
2021-02-19,34.68,32.54,35.13,31.69
2021-02-20,33.99,34.77,36.7,33.99
2021-02-21,34.09,33.98,35.02,33.72
2021-02-22,31.44,34.19,34.19,29.81
2021-02-23,25.93,31.49,31.49,23.62
2021-02-24,28.11,25.93,29.0,25.93
2021-02-25,24.71,28.05,28.27,24.71
2021-02-26,25.15,24.74,26.6,23.67
2021-02-27,26.16,25.15,27.1,25.15
2021-02-28,24.65,26.19,26.31,23.5
2021-03-01,27.7,24.7,27.7,24.7
2021-03-02,28.48,27.71,30.33,27.71
2021-03-03,29.92,28.39,31.07,28.39
2021-03-04,27.67,29.8,30.37,27.67
2021-03-05,27.84,27.6,28.1,26.02
2021-03-06,28.16,27.89,28.35,26.82
2021-03-07,28.58,28.22,28.67,27.77
2021-03-08,31.83,28.64,31.83,28.43
2021-03-09,31.49,31.86,31.86,30.7
2021-03-10,29.94,31.49,31.52,29.92
2021-03-11,30.07,29.93,30.13,28.85
2021-03-12,28.38,30.19,30.19,28.07
2021-03-13,29.74,28.32,30.33,27.44
2021-03-14,28.66,29.75,29.75,28.66
2021-03-15,27.45,28.53,29.25,27.33
2021-03-16,27.91,27.52,28.04,27.12
2021-03-17,31.04,27.93,31.04,27.45
2021-03-18,29.43,31.09,31.14,29.43
2021-03-19,29.8,29.29,30.14,29.29
2021-03-20,29.62,29.77,31.05,29.62
2021-03-21,29.21,29.6,29.83,28.82
2021-03-22,27.27,29.23,29.28,27.27
2021-03-23,26.81,27.29,27.63,26.81
2021-03-24,24.91,26.74,27.78,24.91
2021-03-25,25.52,24.87,26.44,24.87
2021-03-26,27.4,25.56,27.4,25.4
2021-03-27,26.84,27.4,27.4,26.13
2021-03-28,26.66,26.92,27.53,26.27
2021-03-29,28.02,26.65,28.32,26.65
2021-03-30,27.84,28.04,28.48,27.64
2021-03-31,29.35,27.84,29.35,26.69
2021-04-01,30.06,29.48,30.62,29.48
2021-04-02,32.46,30.14,32.46,29.63
2021-04-03,29.31,32.66,32.79,29.31
2021-04-04,30.74,29.12,31.18,29.12
2021-04-05,32.32,30.76,32.32,29.81
2021-04-06,34.71,32.46,34.79,31.72
2021-04-07,31.12,34.88,34.88,30.55
2021-04-08,32.78,31.16,32.78,31.16
2021-04-09,31.59,32.79,32.88,31.57
2021-04-10,31.92,31.59,32.85,31.45
2021-04-11,33.91,31.92,33.91,31.75
2021-04-12,33.1,33.99,33.99,32.42
2021-04-13,35.52,33.17,35.65,32.84
2021-04-14,41.35,35.7,41.56,35.7
2021-04-15,42.61,41.33,43.5,40.81
2021-04-16,41.98,42.78,42.78,40.2
2021-04-17,39.89,42.03,43.34,39.89
2021-04-18,39.08,39.99,39.99,31.69
2021-04-19,35.78,39.4,41.5,35.78
2021-04-20,38.97,35.79,38.97,34.78
2021-04-21,36.26,39.01,39.03,36.26
2021-04-22,35.2,36.5,40.28,35.2
2021-04-23,35.11,35.03,35.11,31.19
2021-04-24,31.2,35.24,35.24,31.2
2021-04-25,31.6,31.31,33.04,30.65
2021-04-26,35.1,31.74,35.1,31.74
2021-04-27,36.78,34.99,37.52,34.94
2021-04-28,36.25,36.78,37.55,35.62
2021-04-29,36.46,36.27,36.72,35.38
2021-04-30,38.14,36.39,38.27,36.26
2021-05-01,41.16,38.08,41.16,37.68
2021-05-02,39.46,41.34,41.34,39.12
2021-05-03,42.04,39.43,42.32,39.43
2021-05-04,46.1,42.08,46.1,39.24
2021-05-05,49.56,48.64,49.7,47.1
2021-05-06,47.18,49.58,49.58,46.7
2021-05-07,49.13,47.13,50.01,46.03
2021-05-08,48.6,49.3,49.35,47.53
2021-05-09,52.28,48.56,52.28,46.96
2021-05-10,46.42,52.36,52.36,44.35
2021-05-11,48.76,46.35,48.76,45.2
2021-05-12,40.97,48.78,49.67,40.97
2021-05-13,43.23,41.54,44.42,40.58
2021-05-14,46.58,43.12,46.83,43.12
2021-05-15,41.45,46.54,46.83,41.45
2021-05-16,40.68,41.62,44.21,38.29
2021-05-17,37.18,40.66,40.66,36.02
2021-05-18,42.56,37.42,43.51,37.42
2021-05-19,26.46,42.73,42.73,25.53
2021-05-20,30.67,26.61,32.29,24.48
2021-05-21,25.55,30.57,31.86,24.04
2021-05-22,23.28,25.55,25.93,22.8
2021-05-23,19.87,23.24,23.77,16.44
2021-05-24,26.36,20.05,26.36,20.05
2021-05-25,27.54,26.37,27.54,24.45
2021-05-26,33.91,27.58,33.91,27.58
2021-05-27,31.55,33.98,34.69,30.95
2021-05-28,27.92,31.47,31.57,27.5
2021-05-29,25.35,27.78,28.74,24.58
2021-05-30,26.86,25.3,28.63,24.15
2021-05-31,32.08,26.77,32.08,25.7
2021-06-01,30.71,32.03,32.41,29.84
2021-06-02,30.66,30.78,31.42,30.26
2021-06-03,32.17,30.58,32.36,30.38
2021-06-04,28.85,32.22,32.22,27.75
2021-06-05,27.12,28.92,29.61,26.95
2021-06-06,27.53,27.09,27.95,27.07
2021-06-07,24.58,27.52,28.47,24.58
2021-06-08,24.11,24.59,24.59,22.3
2021-06-09,25.57,24.08,25.57,22.82
2021-06-10,23.11,25.6,25.6,23.11
2021-06-11,21.48,23.12,23.14,21.14
2021-06-12,21.67,21.45,22.08,20.31
2021-06-13,23.32,21.69,23.44,20.83
2021-06-14,24.96,23.36,24.96,23.16
2021-06-15,24.5,24.98,26.01,24.5
2021-06-16,23.05,24.45,24.56,23.05
2021-06-17,23.35,23.01,24.3,22.98
2021-06-18,21.17,23.37,23.37,20.9
2021-06-19,20.31,21.22,21.6,20.31
2021-06-20,21.65,20.26,21.69,19.66
2021-06-21,17.48,21.67,21.67,17.44
2021-06-22,16.8,17.38,18.37,15.9
2021-06-23,18.36,16.83,18.94,16.83
2021-06-24,19.05,18.4,19.39,17.5
2021-06-25,16.89,19.16,19.35,16.89
2021-06-26,16.95,16.93,17.31,16.17
2021-06-27,18.37,16.97,18.37,16.77
2021-06-28,18.79,18.39,19.19,18.04
2021-06-29,19.45,18.82,20.45,18.82
2021-06-30,19.5,19.51,19.76,18.41
2021-07-01,18.21,19.49,19.49,17.87
2021-07-02,18.28,18.19,18.28,17.43
2021-07-03,18.72,18.3,18.72,17.93
2021-07-04,19.26,18.95,19.74,18.91
2021-07-05,18.36,19.23,19.23,18.07
2021-07-06,19.58,18.39,19.83,18.39
2021-07-07,19.79,20.04,21.03,19.72
2021-07-08,18.44,19.74,19.86,18.26
2021-07-09,18.66,17.83,18.86,17.69
2021-07-10,18.2,18.63,18.98,17.76
2021-07-11,18.38,18.23,18.57,17.86
2021-07-12,17.55,18.37,18.6,17.16
2021-07-13,16.86,17.52,17.74,16.67
2021-07-14,16.94,16.89,17.41,16.02
2021-07-15,15.74,16.93,17.23,15.53
2021-07-16,15.25,15.77,16.32,15.15
2021-07-17,15.36,15.22,15.64,15.03
2021-07-18,15.48,15.34,16.05,15.19
2021-07-19,14.51,15.46,15.59,14.48
2021-07-20,13.75,14.52,14.77,13.43
2021-07-21,15.29,13.72,15.72,13.48
2021-07-22,16.08,15.27,16.17,14.98
2021-07-23,16.49,16.08,16.55,15.25
2021-07-24,16.75,16.51,17.11,16.42
2021-07-25,16.75,16.72,16.75,16.18
2021-07-26,18.03,16.75,19.95,16.67
2021-07-27,19.52,18.01,19.56,17.62
2021-07-28,19.04,19.5,19.97,18.64
2021-07-29,19.38,19.11,19.46,18.62
2021-07-30,22.25,19.38,22.64,18.84
2021-07-31,22.61,22.27,23.31,21.29
2021-08-01,22.11,22.73,23.9,21.87
2021-08-02,23.48,22.07,23.96,21.44
2021-08-03,23.94,23.48,24.36,22.14
2021-08-04,24.19,23.92,24.98,22.9
2021-08-05,24.06,24.18,24.33,22.55
2021-08-06,23.89,24.08,24.38,23.09
2021-08-07,24.69,23.89,25.11,23.63
2021-08-08,23.04,24.68,24.92,22.59
2021-08-09,24.22,23.03,24.67,22.1
2021-08-10,24.56,24.19,25.48,23.74
2021-08-11,25.92,24.54,27.3,24.49
2021-08-12,24.94,25.91,26.89,24.13
2021-08-13,27.75,24.95,27.77,24.72
2021-08-14,27.15,27.76,27.92,26.45
2021-08-15,27.91,27.14,27.96,25.9
2021-08-16,27.96,27.93,30.5,27.64
2021-08-17,26.17,27.92,30.26,25.95
2021-08-18,25.36,26.13,26.92,24.91
2021-08-19,27.08,25.35,27.12,24.51
2021-08-20,28.68,27.12,28.99,26.7
2021-08-21,27.83,28.73,29.15,27.65
2021-08-22,27.98,27.84,28.63,26.81
2021-08-23,28.55,27.98,29.29,27.78
2021-08-24,25.73,28.55,28.9,25.73
2021-08-25,26.62,25.69,26.86,25.36
2021-08-26,24.4,26.64,26.93,23.9
2021-08-27,26.04,24.42,26.12,24.0
2021-08-28,25.72,26.06,26.18,25.38
2021-08-29,25.76,25.74,26.57,25.16
2021-08-30,25.04,25.78,26.47,24.39
2021-08-31,26.72,25.03,27.45,24.71
2021-09-01,29.74,26.69,29.78,26.09
2021-09-02,29.95,29.71,30.87,28.77
2021-09-03,30.77,29.95,31.73,29.1
2021-09-04,29.89,30.75,31.17,29.44
2021-09-05,33.59,29.9,33.59,29.55
2021-09-06,34.81,33.54,36.32,32.65
2021-09-07,28.09,34.8,35.32,24.0
2021-09-08,27.16,28.3,29.17,25.21
2021-09-09,27.99,27.17,30.06,26.5
2021-09-10,26.35,27.91,29.54,25.71
2021-09-11,27.0,26.38,27.65,26.29
2021-09-12,29.46,26.97,29.75,26.4
2021-09-13,26.94,29.43,29.92,25.25
2021-09-14,30.79,26.95,30.79,26.74
2021-09-15,30.68,30.78,31.43,29.65
2021-09-16,29.81,30.68,32.09,29.06
2021-09-17,27.72,29.82,30.1,27.4
2021-09-18,28.4,27.74,29.44,27.4
2021-09-19,27.4,28.39,28.79,26.95
2021-09-20,23.56,27.36,27.4,23.06
2021-09-21,21.41,23.57,24.35,20.88
2021-09-22,24.45,21.44,24.5,21.03
2021-09-23,25.41,24.46,25.47,23.41
2021-09-24,23.27,25.41,25.49,21.36
2021-09-25,24.51,23.26,24.69,22.05
2021-09-26,24.6,24.53,25.35,22.38
2021-09-27,23.02,24.6,25.45,22.97
2021-09-28,22.12,23.0,23.73,22.01
2021-09-29,22.84,22.08,23.89,22.02
2021-09-30,23.99,22.83,24.38,22.72
2021-10-01,26.3,24.0,26.62,23.59
2021-10-02,26.91,26.31,27.8,25.82
2021-10-03,27.57,26.91,28.14,26.53
2021-10-04,26.61,27.55,27.64,25.63
2021-10-05,27.25,26.63,27.45,26.24
2021-10-06,26.79,27.23,28.17,25.21
2021-10-07,26.81,26.8,27.67,25.92
2021-10-08,26.36,26.84,27.44,26.15
2021-10-09,27.44,26.39,27.83,26.07
2021-10-10,25.57,27.46,27.48,25.48
2021-10-11,25.24,25.55,26.73,24.64
2021-10-12,24.6,25.24,25.24,23.56
2021-10-13,25.66,24.62,25.66,24.2
2021-10-14,26.69,25.69,27.79,25.39
2021-10-15,26.99,26.73,27.36,26.01
2021-10-16,27.23,27.02,28.65,26.96
2021-10-17,26.54,27.23,27.6,25.65
2021-10-18,25.7,26.56,26.73,25.28
2021-10-19,25.93,25.71,26.27,25.38
2021-10-20,27.47,25.91,27.63,25.87
2021-10-21,28.26,27.49,29.33,27.31
2021-10-22,28.66,28.27,30.0,28.13
2021-10-23,31.38,28.67,31.44,28.33
2021-10-24,29.71,31.33,31.52,28.76
2021-10-25,32.43,29.75,32.9,29.54
2021-10-26,32.51,32.39,33.8,31.32
2021-10-27,28.86,32.5,33.9,27.96
2021-10-28,30.19,28.91,30.83,28.66
2021-10-29,30.91,30.19,31.96,29.96
2021-10-30,29.75,30.98,31.11,29.19
2021-10-31,30.0,29.78,30.62,28.69
2021-11-01,31.68,30.01,31.85,29.17
2021-11-02,32.24,31.67,32.47,31.02
2021-11-03,31.96,32.3,32.78,30.57
2021-11-04,31.01,31.97,32.1,30.26
2021-11-05,32.87,30.97,33.68,30.67
2021-11-06,32.04,32.86,33.19,30.76
2021-11-07,32.3,32.0,32.58,31.71
2021-11-08,34.45,32.34,34.8,32.21
2021-11-09,33.8,34.43,35.6,33.46
2021-11-10,34.27,33.83,38.17,32.09
2021-11-11,34.72,34.17,36.91,33.44
2021-11-12,34.25,34.66,35.45,32.74
2021-11-13,34.0,34.26,34.58,33.2
2021-11-14,33.75,34.03,34.41,32.54
2021-11-15,32.04,33.76,34.5,32.0
2021-11-16,29.19,32.05,32.05,28.07
2021-11-17,29.18,29.15,29.73,28.05
2021-11-18,26.61,29.19,29.68,25.87
2021-11-19,28.25,26.54,28.84,26.09
2021-11-20,28.35,28.27,28.72,27.27
2021-11-21,29.01,28.38,29.25,27.7
2021-11-22,26.78,29.06,29.06,26.33
2021-11-23,26.95,26.77,27.57,26.2
2021-11-24,25.6,26.96,27.14,25.17
2021-11-25,26.37,25.58,27.56,25.39
2021-11-26,23.88,26.41,26.58,22.94
2021-11-27,24.09,23.95,24.94,23.8
2021-11-28,24.81,24.08,24.93,22.73
2021-11-29,24.98,24.76,25.54,24.57
2021-11-30,25.32,24.99,26.51,24.15
2021-12-01,25.35,25.31,26.89,24.99
2021-12-02,24.55,25.33,25.33,24.2
2021-12-03,23.31,24.56,25.84,22.54
2021-12-04,20.71,23.29,23.33,15.56
2021-12-05,19.48,20.65,20.9,18.5
2021-12-06,19.81,19.52,19.93,17.23
2021-12-07,21.07,19.8,21.13,19.72
2021-12-08,22.91,21.08,23.19,20.76
2021-12-09,20.27,22.92,23.03,20.27
2021-12-10,18.53,20.3,20.85,18.49
2021-12-11,19.91,18.55,20.21,18.19
2021-12-12,20.44,19.97,20.79,19.25
2021-12-13,17.79,20.41,20.56,17.3
2021-12-14,18.46,17.78,18.6,17.49
2021-12-15,19.7,18.43,19.97,17.27
2021-12-16,18.76,19.7,20.31,18.7
2021-12-17,18.27,18.75,19.21,17.77
2021-12-18,19.54,18.3,19.96,17.84
2021-12-19,18.87,19.54,20.36,18.82
2021-12-20,18.75,18.85,19.19,18.04
2021-12-21,19.42,18.79,19.65,18.37
2021-12-22,19.92,19.41,20.8,19.22
2021-12-23,22.15,19.91,22.21,19.57
2021-12-24,21.46,22.16,22.63,21.24
2021-12-25,22.1,21.47,22.38,21.31
2021-12-26,22.97,22.12,23.55,21.13
2021-12-27,22.99,22.99,24.45,22.78
2021-12-28,20.34,23.01,23.01,20.34
2021-12-29,19.71,20.37,20.96,19.54
2021-12-30,19.95,19.74,20.41,19.18
2021-12-31,19.53,19.93,20.61,19.04
2022-01-01,20.75,19.55,20.77,19.52
2022-01-02,21.89,20.77,22.2,20.58
2022-01-03,23.73,21.85,23.74,21.26
2022-01-04,23.45,23.72,24.47,22.79
2022-01-05,25.16,23.43,27.44,22.39
2022-01-06,25.39,25.15,25.97,23.39
2022-01-07,25.91,25.38,27.26,22.69
2022-01-08,25.32,26.0,27.32,23.57
2022-01-09,27.52,25.32,28.63,25.15
2022-01-10,28.03,27.41,28.48,25.13
2022-01-11,26.6,28.03,28.69,25.88
2022-01-12,26.73,26.59,27.23,25.64
2022-01-13,24.83,26.69,26.74,24.45
2022-01-14,25.73,24.85,25.87,23.93
2022-01-15,25.18,25.77,26.2,25.16
2022-01-16,25.5,25.17,26.34,24.73
2022-01-17,23.8,25.54,25.62,23.3
2022-01-18,23.0,23.82,24.33,22.07
2022-01-19,21.54,22.96,23.15,21.23
2022-01-20,20.22,21.58,22.97,20.05
2022-01-21,17.42,20.15,20.48,17.13
2022-01-22,15.87,17.38,17.8,14.3
2022-01-23,16.64,15.87,16.78,15.15
2022-01-24,15.57,16.64,16.64,13.5
2022-01-25,15.5,15.58,16.01,14.61
2022-01-26,15.21,15.5,16.78,14.7
2022-01-27,15.19,15.25,15.69,14.31
2022-01-28,16.15,15.22,16.28,14.76
2022-01-29,16.2,16.13,16.72,15.97
2022-01-30,17.78,16.23,18.07,16.04
2022-01-31,17.21,17.81,17.85,16.5
2022-02-01,16.98,17.15,17.86,16.84
2022-02-02,15.78,17.01,17.36,15.58
2022-02-03,16.28,15.77,16.3,15.28
2022-02-04,17.5,16.29,17.5,16.02
2022-02-05,17.76,17.43,18.3,17.43
2022-02-06,18.08,17.81,18.16,17.22
2022-02-07,18.86,18.07,19.39,17.69
2022-02-08,18.37,18.88,19.52,17.76
2022-02-09,18.67,18.38,18.74,17.75
2022-02-10,17.5,18.68,18.75,17.37
2022-02-11,16.18,17.5,17.8,15.92
2022-02-12,15.94,16.2,16.38,15.58
2022-02-13,15.64,15.94,16.33,15.54
2022-02-14,15.9,15.61,16.12,15.21
2022-02-15,17.34,15.93,17.45,15.81
2022-02-16,17.11,17.35,17.38,16.51
2022-02-17,15.59,17.12,17.44,15.47
2022-02-18,15.19,15.58,16.04,15.04
2022-02-19,15.52,15.17,15.64,14.86
2022-02-20,14.59,15.52,15.53,14.41
2022-02-21,13.49,14.61,15.3,13.4
2022-02-22,13.99,13.51,14.18,13.08
2022-02-23,13.33,13.99,14.63,13.32
2022-02-24,13.28,13.34,13.91,11.42
2022-02-25,14.36,13.3,14.47,13.09
2022-02-26,14.7,14.36,14.98,14.11
2022-02-27,13.63,14.71,14.85,13.49
2022-02-28,15.14,13.63,15.14,13.34
2022-03-01,15.35,15.12,15.73,14.76
2022-03-02,15.28,15.33,15.85,14.93
2022-03-03,14.89,15.27,15.36,14.5
2022-03-04,13.73,14.88,14.97,13.57
2022-03-05,14.03,13.73,14.27,13.44
2022-03-06,13.3,14.01,14.11,13.27
2022-03-07,12.68,13.3,13.65,12.44
2022-03-08,13.1,12.7,13.54,12.6
2022-03-09,14.01,13.09,14.45,13.06
2022-03-10,13.17,14.02,14.11,13.01
2022-03-11,13.04,13.17,13.62,12.82
2022-03-12,13.15,13.04,13.44,13.03
2022-03-13,12.71,13.12,13.42,12.6
2022-03-14,13.42,12.69,13.44,12.61
2022-03-15,13.69,13.41,13.79,12.89
2022-03-16,14.68,13.7,14.77,13.66
2022-03-17,14.39,14.67,14.9,14.24
2022-03-18,15.01,14.4,15.25,14.12
2022-03-19,15.01,15.02,15.38,14.84
2022-03-20,14.54,14.99,15.11,14.44
2022-03-21,14.99,14.55,15.26,14.31
2022-03-22,15.44,15.0,15.84,14.99
2022-03-23,15.83,15.43,15.95,15.15
2022-03-24,16.17,15.84,16.42,15.6
2022-03-25,15.59,16.16,16.45,15.49
2022-03-26,15.85,15.59,15.95,15.5
2022-03-27,16.86,15.83,16.9,15.64
2022-03-28,16.48,16.86,17.35,16.4
2022-03-29,16.99,16.49,17.52,16.49
2022-03-30,17.22,16.97,17.57,16.55
2022-03-31,16.92,17.19,18.05,16.67
2022-04-01,17.36,16.96,17.37,16.19
2022-04-02,17.39,17.32,17.87,17.12
2022-04-03,18.07,17.4,18.31,17.17
2022-04-04,17.5,18.08,18.08,16.83
2022-04-05,16.74,17.52,17.65,16.69
2022-04-06,15.41,16.73,16.78,15.33
2022-04-07,15.76,15.47,15.88,15.11
2022-04-08,15.13,15.75,15.91,15.04
2022-04-09,15.43,15.13,15.46,15.12
2022-04-10,15.25,15.44,15.92,15.21
2022-04-11,13.74,15.2,15.27,13.54
2022-04-12,13.97,13.77,14.32,13.65
2022-04-13,14.19,13.98,14.22,13.69
2022-04-14,13.65,14.2,14.32,13.33
2022-04-15,14.11,13.66,14.19,13.63
2022-04-16,14.14,14.12,14.27,13.84
2022-04-17,13.73,14.16,14.62,13.67
2022-04-18,14.05,13.71,14.06,13.16
2022-04-19,14.25,14.05,14.4,13.84
2022-04-20,14.01,14.24,14.48,13.71
2022-04-21,13.58,14.02,14.37,13.38
2022-04-22,13.58,13.57,13.88,13.48
2022-04-23,13.31,13.58,13.67,13.26
2022-04-24,13.26,13.3,13.63,13.22
2022-04-25,13.44,13.26,13.5,12.54
2022-04-26,12.37,13.44,13.5,12.17
2022-04-27,12.74,12.37,12.8,12.32
2022-04-28,12.67,12.74,12.99,12.4
2022-04-29,11.97,12.66,12.73,11.85
2022-04-30,10.97,11.98,12.25,10.67
2022-05-01,11.3,10.95,11.48,10.83
2022-05-02,11.17,11.31,11.43,10.78
2022-05-03,11.13,11.16,11.48,10.81
2022-05-04,12.2,11.13,12.2,11.1
2022-05-05,10.91,12.21,12.27,10.78
2022-05-06,10.79,10.92,11.02,10.41
2022-05-07,10.21,10.79,10.84,10.01
2022-05-08,10.0,10.22,10.37,9.87
2022-05-09,8.07,9.99,10.15,8.03
2022-05-10,8.58,8.1,9.32,7.92
2022-05-11,6.92,8.57,8.84,6.57
2022-05-12,6.55,6.98,7.42,5.56
2022-05-13,7.14,6.56,7.69,6.49
2022-05-14,7.26,7.17,7.44,6.64
2022-05-15,7.96,7.26,7.98,7.02
2022-05-16,7.41,7.94,7.94,7.17
2022-05-17,7.72,7.43,7.97,7.3
2022-05-18,6.8,7.72,7.81,6.79
2022-05-19,7.21,6.81,7.25,6.65
2022-05-20,6.87,7.21,7.36,6.76
2022-05-21,7.06,6.88,7.11,6.78
2022-05-22,7.33,7.05,7.4,6.92
2022-05-23,7.01,7.3,7.67,6.99
2022-05-24,7.23,7.02,7.3,6.73
2022-05-25,6.96,7.23,7.39,6.95
2022-05-26,6.57,6.94,7.09,6.25
2022-05-27,6.28,6.59,6.7,6.22
2022-05-28,6.58,6.3,6.63,6.22
2022-05-29,6.72,6.58,6.75,6.34
2022-05-30,7.46,6.71,7.51,6.65
2022-05-31,7.58,7.45,7.72,7.19
2022-06-01,6.92,7.57,7.75,6.78
2022-06-02,7.2,6.94,7.24,6.81
2022-06-03,6.85,7.21,7.22,6.69
2022-06-04,7.4,6.87,7.43,6.7
2022-06-05,7.66,7.42,7.81,7.25
2022-06-06,7.98,7.65,8.16,7.62
2022-06-07,8.71,7.98,8.96,7.34
2022-06-08,8.7,8.71,8.96,8.24
2022-06-09,9.26,8.7,9.58,8.5
2022-06-10,8.04,9.26,9.52,8.02
2022-06-11,7.03,8.03,8.41,6.95
2022-06-12,6.27,7.03,7.14,6.27
2022-06-13,5.92,6.26,6.33,5.32
2022-06-14,6.73,5.89,6.83,5.39
2022-06-15,7.32,6.73,7.36,5.85
2022-06-16,6.36,7.33,7.49,6.23
2022-06-17,6.36,6.36,6.72,6.27
2022-06-18,5.93,6.34,6.47,5.42
2022-06-19,6.61,5.93,6.8,5.84
2022-06-20,6.98,6.61,7.27,6.32
2022-06-21,6.86,6.99,7.53,6.77
2022-06-22,6.61,6.86,7.02,6.46
2022-06-23,6.99,6.62,7.08,6.61
2022-06-24,7.26,7.0,7.43,6.95
2022-06-25,7.26,7.28,7.37,6.82
2022-06-26,6.7,7.28,7.48,6.7
2022-06-27,6.54,6.68,6.99,6.42
2022-06-28,6.32,6.56,7.2,6.27
2022-06-29,6.23,6.32,6.49,6.14
2022-06-30,6.26,6.24,6.3,5.89
2022-07-01,6.07,6.28,6.42,5.94
2022-07-02,6.22,6.07,6.28,5.99
2022-07-03,6.22,6.23,6.24,6.03
2022-07-04,6.43,6.22,6.46,6.02
2022-07-05,6.32,6.43,6.55,6.06
2022-07-06,6.34,6.32,6.42,6.17
2022-07-07,6.65,6.33,6.75,6.31
2022-07-08,6.35,6.65,6.83,6.35
2022-07-09,6.5,6.35,6.58,6.35
2022-07-10,6.19,6.49,6.49,6.11
2022-07-11,6.04,6.18,6.42,5.98
2022-07-12,5.94,6.03,6.24,5.93
2022-07-13,6.18,5.96,6.19,5.7
2022-07-14,6.27,6.17,6.38,6.0
2022-07-15,6.32,6.27,6.44,6.13
2022-07-16,6.6,6.32,6.61,6.15
2022-07-17,6.34,6.6,6.71,6.33
2022-07-18,7.06,6.35,7.15,6.33
2022-07-19,7.26,7.04,7.37,6.74
2022-07-20,6.87,7.26,7.57,6.83
2022-07-21,6.99,6.86,7.05,6.65
2022-07-22,6.78,6.99,7.28,6.75
2022-07-23,6.85,6.78,7.03,6.61
2022-07-24,7.09,6.84,7.24,6.84
2022-07-25,6.42,7.09,7.14,6.42
2022-07-26,6.34,6.43,6.44,6.08
2022-07-27,6.86,6.34,6.87,6.19
2022-07-28,7.22,6.86,7.29,6.69
2022-07-29,7.87,7.22,8.11,7.12
2022-07-30,7.82,7.88,8.2,7.69
2022-07-31,7.66,7.82,8.08,7.58
2022-08-01,7.57,7.64,7.87,7.41
2022-08-02,7.18,7.57,7.65,7.02
2022-08-03,7.28,7.18,7.62,7.06
2022-08-04,7.36,7.28,7.53,7.18
2022-08-05,7.88,7.37,7.89,7.35
2022-08-06,7.8,7.88,8.09,7.75
2022-08-07,8.34,7.79,8.35,7.66
2022-08-08,8.65,8.33,8.78,8.23
2022-08-09,8.74,8.61,8.9,8.29
2022-08-10,9.06,8.74,9.3,8.3
2022-08-11,8.96,9.06,9.23,8.85
2022-08-12,9.32,8.97,9.5,8.8
2022-08-13,9.14,9.32,9.47,9.06
2022-08-14,8.76,9.15,9.36,8.68
2022-08-15,8.65,8.77,9.05,8.5
2022-08-16,8.45,8.65,8.82,8.39
2022-08-17,8.06,8.44,8.73,7.99
2022-08-18,7.64,8.06,8.24,7.62
2022-08-19,6.91,7.65,7.69,6.82
2022-08-20,6.9,6.9,7.2,6.68
2022-08-21,7.07,6.9,7.17,6.88
2022-08-22,7.05,7.08,7.08,6.69
2022-08-23,7.24,7.04,7.35,6.78
2022-08-24,7.12,7.24,7.37,7.02
2022-08-25,7.13,7.12,7.36,7.01
2022-08-26,6.5,7.12,7.17,6.43
2022-08-27,6.53,6.5,6.61,6.42
2022-08-28,6.25,6.53,6.63,6.23
2022-08-29,6.7,6.26,6.73,6.21
2022-08-30,6.55,6.7,6.82,6.39
2022-08-31,6.63,6.56,6.89,6.55
2022-09-01,6.91,6.63,6.95,6.45
2022-09-02,6.93,6.93,7.24,6.79
2022-09-03,6.86,6.93,6.96,6.73
2022-09-04,7.16,6.86,7.25,6.79
2022-09-05,7.37,7.16,7.41,7.1
2022-09-06,6.65,7.38,7.51,6.58
2022-09-07,7.08,6.66,7.15,6.58
2022-09-08,7.4,7.1,7.49,7.01
2022-09-09,7.75,7.41,8.09,7.39
2022-09-10,7.9,7.76,8.03,7.62
2022-09-11,8.02,7.91,8.17,7.74
2022-09-12,7.76,8.03,8.29,7.62
2022-09-13,7.03,7.76,7.95,7.03
2022-09-14,7.45,7.02,7.53,6.98
2022-09-15,7.57,7.45,7.6,7.03
2022-09-16,7.66,7.55,7.8,7.42
2022-09-17,8.09,7.66,8.14,7.64
2022-09-18,7.52,8.11,8.13,7.44
2022-09-19,7.3,7.52,7.68,7.01
2022-09-20,6.88,7.3,7.34,6.82
2022-09-21,6.68,6.87,7.31,6.52
2022-09-22,7.12,6.68,7.17,6.65
2022-09-23,7.46,7.12,7.49,6.96
2022-09-24,7.62,7.45,7.87,7.38
2022-09-25,7.88,7.64,8.07,7.58
2022-09-26,7.95,7.88,7.95,7.48
2022-09-27,8.06,7.94,8.39,7.66
2022-09-28,7.8,8.06,8.53,7.73
2022-09-29,7.9,7.81,7.93,7.59
2022-09-30,7.58,7.91,7.91,7.51
2022-10-01,7.39,7.58,7.64,7.32
2022-10-02,7.11,7.39,7.53,7.1
2022-10-03,7.33,7.11,7.35,7.03
2022-10-04,7.72,7.33,7.83,7.33
2022-10-05,7.88,7.73,7.94,7.59
2022-10-06,7.64,7.88,7.94,7.6
2022-10-07,7.61,7.63,7.8,7.48
2022-10-08,7.45,7.6,7.66,7.35
2022-10-09,7.63,7.45,7.65,7.42
2022-10-10,7.34,7.63,7.72,7.34
2022-10-11,7.13,7.35,7.38,7.07
2022-10-12,7.14,7.13,7.27,7.09
2022-10-13,7.03,7.15,7.16,6.34
2022-10-14,6.89,7.03,7.25,6.81
2022-10-15,6.89,6.89,6.99,6.83
2022-10-16,7.17,6.88,7.23,6.88
2022-10-17,7.33,7.17,7.37,7.07
2022-10-18,7.12,7.33,7.36,6.97
2022-10-19,6.77,7.12,7.13,6.74
2022-10-20,6.66,6.77,6.91,6.62
2022-10-21,6.81,6.66,6.84,6.45
2022-10-22,6.87,6.82,6.93,6.73
2022-10-23,7.07,6.88,7.09,6.81
2022-10-24,6.91,7.07,7.08,6.8
2022-10-25,7.06,6.91,7.27,6.82
2022-10-26,7.16,7.08,7.29,7.04
2022-10-27,6.89,7.15,7.36,6.86
2022-10-28,7.11,6.89,7.2,6.84
2022-10-29,7.63,7.11,7.66,7.09
2022-10-30,7.78,7.64,7.93,7.51
2022-10-31,7.86,7.78,8.33,7.67
2022-11-01,7.69,7.86,7.92,7.63
2022-11-02,7.44,7.68,7.98,7.34
2022-11-03,7.72,7.43,8.0,7.39
2022-11-04,8.71,7.72,8.89,7.66
2022-11-05,8.67,8.73,8.99,8.57
2022-11-06,8.11,8.67,8.77,8.1
2022-11-07,8.95,8.1,9.24,7.91
2022-11-08,7.71,8.93,9.46,6.6
2022-11-09,6.22,7.69,7.88,5.83
2022-11-10,7.21,6.19,7.48,6.12
2022-11-11,7.04,7.2,7.33,6.52
2022-11-12,6.28,7.05,7.05,6.2
2022-11-13,6.07,6.28,6.54,5.96
2022-11-14,6.28,6.07,6.42,5.7
2022-11-15,6.42,6.29,6.66,6.23
2022-11-16,6.11,6.43,6.56,6.09
2022-11-17,6.29,6.21,6.34,6.03
2022-11-18,6.16,6.32,6.32,6.07
2022-11-19,6.15,6.09,6.22,6.09
2022-11-20,5.77,6.14,6.25,5.73
2022-11-21,5.88,5.76,5.89,5.55
2022-11-22,6.42,5.88,6.45,5.84
2022-11-23,6.71,6.42,6.8,6.35
2022-11-24,6.83,6.71,6.97,6.59
2022-11-25,6.84,6.82,6.99,6.67
2022-11-26,7.15,6.85,7.27,6.83
2022-11-27,6.9,7.15,7.27,6.87
2022-11-28,7.2,6.9,7.34,6.54
2022-11-29,7.31,7.2,7.5,7.14
2022-11-30,7.67,7.32,7.75,7.29
2022-12-01,7.68,7.68,7.8,7.47
2022-12-02,7.61,7.68,7.72,7.5
2022-12-03,7.24,7.61,7.62,7.22
2022-12-04,7.44,7.24,7.46,7.2
2022-12-05,7.28,7.45,7.59,7.16
2022-12-06,7.13,7.27,7.33,6.99
2022-12-07,6.88,7.13,7.14,6.78
2022-12-08,7.0,6.89,7.06,6.78
2022-12-09,6.86,7.01,7.05,6.8
2022-12-10,6.86,6.86,6.92,6.72
2022-12-11,6.7,6.86,6.96,6.68
2022-12-12,6.7,6.7,6.72,6.5
2022-12-13,6.93,6.7,7.04,6.47
2022-12-14,6.72,6.93,6.96,6.69
2022-12-15,6.45,6.72,6.73,6.41
2022-12-16,5.89,6.45,6.54,5.8
2022-12-17,6.03,5.88,6.06,5.79
2022-12-18,5.95,6.03,6.06,5.92
2022-12-19,5.78,5.96,6.06,5.72
2022-12-20,6.01,5.79,6.11,5.76
2022-12-21,5.99,6.02,6.04,5.89
2022-12-22,6.0,5.98,6.04,5.86
2022-12-23,5.94,6.01,6.05,5.92
2022-12-24,5.92,5.94,5.96,5.88
2022-12-25,5.99,5.92,5.99,5.89
2022-12-26,6.04,5.99,6.05,5.94
2022-12-27,5.9,6.05,6.06,5.86
2022-12-28,5.68,5.89,5.91,5.64
2022-12-29,5.6,5.68,5.72,5.51
2022-12-30,5.47,5.6,5.63,5.42
2022-12-31,5.57,5.47,5.62,5.39
2023-01-01,5.63,5.58,5.64,5.51
2023-01-02,5.69,5.64,5.75,5.55
2023-01-03,5.63,5.69,5.72,5.58
2023-01-04,5.81,5.63,5.85,5.61
2023-01-05,5.66,5.81,5.82,5.61
2023-01-06,5.71,5.66,5.72,5.55
2023-01-07,5.83,5.72,5.84,5.69
2023-01-08,5.94,5.84,5.96,5.76
2023-01-09,6.07,5.98,6.25,5.94
2023-01-10,6.16,6.07,6.29,5.98
2023-01-11,6.29,6.17,6.3,6.02
2023-01-12,6.39,6.29,6.4,6.16
2023-01-13,6.61,6.39,6.62,6.26
2023-01-14,6.87,6.6,7.1,6.52
2023-01-15,6.7,6.86,6.91,6.6
2023-01-16,6.66,6.69,6.95,6.44
2023-01-17,6.81,6.67,6.99,6.56
2023-01-18,6.33,6.82,6.98,6.32
2023-01-19,6.51,6.34,6.54,6.32
2023-01-20,6.95,6.51,6.97,6.42
2023-01-21,6.85,6.97,7.1,6.83
2023-01-22,6.99,6.85,7.25,6.8
2023-01-23,7.01,6.99,7.22,6.91
2023-01-24,6.67,7.01,7.2,6.59
2023-01-25,6.95,6.66,7.09,6.51
2023-01-26,7.17,6.97,7.3,6.83
2023-01-27,7.38,7.18,7.49,6.96
2023-01-28,7.22,7.39,7.51,7.13
2023-01-29,7.38,7.21,7.47,7.15
2023-01-30,6.91,7.37,7.44,6.8
2023-01-31,6.95,6.91,7.07,6.86
2023-02-01,7.22,6.96,7.28,6.68
2023-02-02,7.09,7.22,7.48,7.06
2023-02-03,7.3,7.1,7.33,7.01
2023-02-04,7.23,7.29,7.36,7.14
2023-02-05,6.98,7.24,7.24,6.88
2023-02-06,6.83,6.98,7.05,6.78
2023-02-07,7.2,6.82,7.21,6.82
2023-02-08,7.14,7.21,7.29,6.96
2023-02-09,6.98,7.14,7.8,6.86
2023-02-10,6.9,6.97,7.11,6.8
2023-02-11,7.0,6.89,7.03,6.86
2023-02-12,6.81,7.0,7.08,6.7
2023-02-13,6.66,6.81,6.84,6.44
2023-02-14,6.81,6.67,6.83,6.54
2023-02-15,7.28,6.81,7.3,6.73
2023-02-16,7.01,7.3,7.49,7.01
2023-02-17,7.65,7.01,7.7,6.97
2023-02-18,7.99,7.67,8.25,7.51
2023-02-19,8.02,7.98,8.29,7.85
2023-02-20,8.02,8.02,8.39,7.74
2023-02-21,7.64,8.02,8.07,7.53
2023-02-22,7.72,7.64,7.72,7.32
2023-02-23,7.93,7.72,8.2,7.67
2023-02-24,7.47,7.94,8.14,7.23
2023-02-25,7.37,7.47,7.49,7.18
2023-02-26,7.49,7.37,7.54,7.29
2023-02-27,7.28,7.5,7.5,7.13
2023-02-28,7.19,7.27,7.42,7.1
2023-03-01,7.54,7.19,7.54,7.15
2023-03-02,7.27,7.54,7.58,7.17
2023-03-03,6.96,7.28,7.28,6.71
2023-03-04,6.86,6.96,7.01,6.71
2023-03-05,6.94,6.86,7.01,6.81
2023-03-06,6.86,6.94,6.98,6.82
2023-03-07,6.88,6.85,6.97,6.67
2023-03-08,6.58,6.88,6.95,6.52
2023-03-09,6.16,6.58,6.69,6.03
2023-03-10,6.2,6.16,6.26,5.91
2023-03-11,6.16,6.22,6.38,5.93
2023-03-12,6.55,6.16,6.56,6.07
2023-03-13,6.76,6.55,6.87,6.4
2023-03-14,6.95,6.76,7.2,6.61
2023-03-15,6.54,6.97,7.11,6.4
2023-03-16,6.66,6.55,6.68,6.45
2023-03-17,7.21,6.66,7.25,6.61
2023-03-18,6.92,7.21,7.3,6.86
2023-03-19,7.07,6.92,7.28,6.92
2023-03-20,7.04,7.08,7.43,6.93
2023-03-21,7.38,7.05,7.47,6.85
2023-03-22,7.17,7.37,7.71,7.0
2023-03-23,7.61,7.17,7.63,7.09
2023-03-24,7.19,7.61,7.66,7.12
2023-03-25,7.09,7.19,7.25,6.97
2023-03-26,7.25,7.08,7.29,7.05
2023-03-27,6.87,7.26,7.27,6.77
2023-03-28,6.95,6.87,7.04,6.76
2023-03-29,7.39,6.96,7.49,6.93
2023-03-30,7.23,7.38,7.55,7.14
2023-03-31,7.59,7.24,7.67,7.23
2023-04-01,7.55,7.59,7.64,7.45
2023-04-02,7.26,7.54,7.54,7.19
2023-04-03,7.24,7.26,7.44,7.03
2023-04-04,7.37,7.25,7.47,7.22
2023-04-05,7.32,7.37,7.6,7.22
2023-04-06,7.2,7.33,7.33,7.12
2023-04-07,7.26,7.2,7.3,7.11
2023-04-08,7.13,7.28,7.3,7.09
2023-04-09,7.2,7.13,7.25,7.06
2023-04-10,7.34,7.2,7.36,7.14
2023-04-11,7.3,7.34,7.45,7.28
2023-04-12,7.22,7.31,7.36,7.11
2023-04-13,7.45,7.23,7.54,7.18
2023-04-14,7.74,7.46,7.9,7.46
2023-04-15,8.0,7.74,8.08,7.62
2023-04-16,8.14,8.01,8.19,7.91
2023-04-17,8.15,8.14,8.29,7.89
2023-04-18,8.57,8.16,8.79,8.04
2023-04-19,7.75,8.58,8.6,7.64
2023-04-20,7.52,7.74,7.96,7.47
2023-04-21,7.12,7.52,7.6,7.03
2023-04-22,7.17,7.11,7.23,7.08
2023-04-23,7.09,7.17,7.17,6.89
2023-04-24,7.07,7.08,7.26,7.01
2023-04-25,7.27,7.07,7.3,6.95
2023-04-26,7.0,7.28,7.5,6.74
2023-04-27,7.17,7.0,7.22,6.99
2023-04-28,7.05,7.17,7.19,6.97
2023-04-29,7.18,7.04,7.22,6.99
2023-04-30,7.02,7.19,7.3,7.02
2023-05-01,6.9,7.02,7.08,6.8
2023-05-02,6.99,6.89,7.01,6.81
2023-05-03,7.13,6.99,7.15,6.82
2023-05-04,7.0,7.13,7.16,6.96
2023-05-05,7.23,7.0,7.28,6.95
2023-05-06,6.92,7.23,7.27,6.89
2023-05-07,6.91,6.93,6.98,6.87
2023-05-08,6.59,6.88,6.91,6.42
2023-05-09,6.52,6.58,6.63,6.47
2023-05-10,6.59,6.52,6.69,6.31
2023-05-11,6.36,6.58,6.58,6.24
2023-05-12,6.62,6.36,6.64,6.24
2023-05-13,6.49,6.63,6.63,6.48
2023-05-14,6.55,6.49,6.61,6.44
2023-05-15,6.64,6.55,6.71,6.46
2023-05-16,6.66,6.64,6.72,6.55
2023-05-17,6.75,6.67,6.8,6.55
2023-05-18,6.53,6.76,6.77,6.43
2023-05-19,6.51,6.53,6.55,6.47
2023-05-20,6.51,6.51,6.54,6.47
2023-05-21,6.43,6.51,6.54,6.36
2023-05-22,6.53,6.43,6.61,6.35
2023-05-23,6.51,6.53,6.63,6.47
2023-05-24,6.32,6.5,6.5,6.22
2023-05-25,6.28,6.32,6.34,6.19
2023-05-26,6.34,6.28,6.38,6.24
2023-05-27,6.44,6.35,6.44,6.34
2023-05-28,6.63,6.44,6.66,6.42
2023-05-29,6.64,6.64,6.67,6.53
2023-05-30,6.61,6.64,6.67,6.54
2023-05-31,6.48,6.6,6.63,6.41
2023-06-01,6.34,6.48,6.51,6.32
2023-06-02,6.45,6.34,6.48,6.32
2023-06-03,6.42,6.45,6.45,6.37
2023-06-04,6.45,6.42,6.53,6.39
2023-06-05,6.06,6.45,6.49,5.97
2023-06-06,6.26,6.05,6.31,6.01
2023-06-07,5.92,6.26,6.26,5.83
2023-06-08,5.99,5.91,6.03,5.88
2023-06-09,5.99,5.99,6.08,5.92
2023-06-10,5.23,5.99,6.0,4.78
2023-06-11,5.18,5.23,5.25,5.1
2023-06-12,5.16,5.17,5.2,5.03
2023-06-13,5.3,5.16,5.4,5.11
2023-06-14,5.25,5.3,5.51,5.16
2023-06-15,5.31,5.26,5.42,5.16
2023-06-16,5.32,5.31,5.39,5.17
2023-06-17,5.28,5.33,5.39,5.22
2023-06-18,5.16,5.28,5.3,5.15
2023-06-19,5.13,5.15,5.18,5.0
2023-06-20,5.27,5.13,5.28,5.0
2023-06-21,5.56,5.26,5.58,5.24
2023-06-22,5.56,5.56,5.82,5.52
2023-06-23,6.07,5.56,6.15,5.55
2023-06-24,6.14,6.07,6.19,5.94
2023-06-25,6.16,6.14,6.37,6.06
2023-06-26,6.06,6.16,6.25,6.01
2023-06-27,6.2,6.06,6.25,6.05
2023-06-28,5.81,6.2,6.2,5.74
2023-06-29,5.89,5.82,6.18,5.79
2023-06-30,6.31,5.89,6.45,5.81
2023-07-01,6.5,6.33,6.52,6.13
2023-07-02,6.53,6.5,6.56,6.34
2023-07-03,6.63,6.54,6.69,6.47
2023-07-04,6.52,6.63,6.63,6.41
2023-07-05,6.3,6.52,6.57,6.22
2023-07-06,6.08,6.29,6.51,6.08
2023-07-07,6.16,6.08,6.22,6.04
2023-07-08,6.2,6.16,6.22,6.1
2023-07-09,6.15,6.2,6.24,6.13
2023-07-10,6.17,6.15,6.3,6.02
2023-07-11,6.21,6.17,6.23,6.12
2023-07-12,6.25,6.2,6.34,6.2
2023-07-13,7.12,6.25,7.14,6.21
2023-07-14,6.96,7.12,7.34,6.71
2023-07-15,6.91,6.96,7.02,6.84
2023-07-16,6.61,6.92,6.92,6.57
2023-07-17,7.19,6.6,7.25,6.45
2023-07-18,6.91,7.2,7.3,6.8
2023-07-19,6.91,6.91,7.05,6.78
2023-07-20,8.35,6.91,8.4,6.89
2023-07-21,8.13,8.36,8.42,8.06
2023-07-22,7.88,8.13,8.3,7.79
2023-07-23,7.89,7.88,8.09,7.83
2023-07-24,7.59,7.89,7.89,7.47
2023-07-25,7.39,7.58,7.64,7.34
2023-07-26,7.74,7.39,7.83,7.28
2023-07-27,7.99,7.74,8.1,7.69
2023-07-28,7.77,7.99,8.09,7.77
2023-07-29,7.84,7.76,7.89,7.72
2023-07-30,7.55,7.85,7.86,7.39
2023-07-31,7.55,7.55,7.71,7.45
2023-08-01,7.64,7.55,7.64,7.35
2023-08-02,7.35,7.64,7.71,7.34
2023-08-03,7.13,7.35,7.41,7.09
2023-08-04,7.14,7.13,7.26,7.03
2023-08-05,7.23,7.14,7.25,7.1
2023-08-06,7.1,7.23,7.27,7.08
2023-08-07,7.32,7.1,7.39,6.95
2023-08-08,7.46,7.32,7.53,7.29
2023-08-09,7.68,7.46,7.91,7.38
2023-08-10,7.62,7.68,7.72,7.56
2023-08-11,7.49,7.62,7.64,7.41
2023-08-12,7.44,7.49,7.53,7.39
2023-08-13,7.37,7.44,7.56,7.32
2023-08-14,7.41,7.36,7.62,7.31
2023-08-15,7.05,7.42,7.43,6.89
2023-08-16,6.76,7.04,7.07,6.61
2023-08-17,6.2,6.76,6.87,5.62
2023-08-18,6.17,6.19,6.28,6.09
2023-08-19,6.18,6.17,6.26,6.12
2023-08-20,6.22,6.18,6.23,6.12
2023-08-21,6.17,6.22,6.25,6.02
2023-08-22,6.11,6.18,6.25,5.9
2023-08-23,6.35,6.12,6.43,6.11
2023-08-24,6.08,6.35,6.37,5.99
2023-08-25,6.01,6.08,6.08,5.92
2023-08-26,6.01,6.01,6.04,5.96
2023-08-27,6.03,6.0,6.04,5.96
2023-08-28,5.98,6.03,6.03,5.87
2023-08-29,6.19,5.99,6.3,5.85
2023-08-30,5.93,6.19,6.2,5.89
2023-08-31,5.88,5.92,6.06,5.76
2023-09-01,5.94,5.87,6.03,5.83
2023-09-02,5.97,5.94,6.0,5.89
2023-09-03,6.03,5.97,6.06,5.95
2023-09-04,6.01,6.03,6.16,5.95
2023-09-05,6.14,6.01,6.15,5.91
2023-09-06,6.3,6.14,6.33,6.11
2023-09-07,6.39,6.3,6.47,6.2
2023-09-08,6.28,6.39,6.4,6.16
2023-09-09,6.16,6.28,6.29,6.16
2023-09-10,6.01,6.16,6.16,5.96
2023-09-11,5.83,6.02,6.03,5.75
2023-09-12,5.95,5.83,6.07,5.81
2023-09-13,6.02,5.96,6.07,5.93
2023-09-14,6.15,6.02,6.21,6.01
2023-09-15,6.37,6.16,6.37,6.1
2023-09-16,6.28,6.38,6.41,6.19
2023-09-17,6.15,6.28,6.28,6.06
2023-09-18,6.56,6.14,6.82,6.11
2023-09-19,6.84,6.57,6.95,6.53
2023-09-20,6.91,6.85,7.03,6.75
2023-09-21,6.66,6.91,6.94,6.61
2023-09-22,6.96,6.66,6.97,6.62
2023-09-23,7.19,6.96,7.22,6.92
2023-09-24,6.97,7.23,7.25,6.97
2023-09-25,7.5,6.97,7.51,6.94
2023-09-26,7.36,7.5,7.56,7.25
2023-09-27,7.64,7.36,7.87,7.27
2023-09-28,7.81,7.65,8.04,7.58
2023-09-29,7.95,7.81,8.07,7.68
2023-09-30,8.19,7.95,8.27,7.94
2023-10-01,8.04,8.19,8.25,7.78
2023-10-02,7.47,8.05,8.09,7.36
2023-10-03,7.41,7.47,7.74,7.38
2023-10-04,7.67,7.41,7.76,7.22
2023-10-05,7.46,7.67,7.79,7.46
2023-10-06,7.64,7.47,7.75,7.44
2023-10-07,7.53,7.65,7.68,7.47
2023-10-08,7.67,7.53,7.91,7.5
2023-10-09,7.28,7.67,7.7,7.16
2023-10-10,7.26,7.27,7.38,7.18
2023-10-11,7.39,7.26,7.42,7.16
2023-10-12,7.2,7.38,7.41,7.12
2023-10-13,7.26,7.2,7.4,7.12
2023-10-14,7.33,7.25,7.37,7.22
2023-10-15,7.42,7.33,7.55,7.29
2023-10-16,7.53,7.41,7.79,7.41
2023-10-17,7.32,7.53,7.56,7.28
2023-10-18,7.35,7.32,7.48,7.28
2023-10-19,7.3,7.36,7.43,7.25
2023-10-20,7.57,7.3,7.7,7.26
2023-10-21,8.91,7.57,9.15,7.52
2023-10-22,10.19,8.91,10.21,8.85
2023-10-23,10.56,10.15,10.99,9.81
2023-10-24,10.38,10.59,11.1,9.78
2023-10-25,11.04,10.37,11.7,10.35
2023-10-26,10.91,11.05,11.38,10.4
2023-10-27,11.18,10.94,11.41,10.63
2023-10-28,10.93,11.18,11.64,10.84
2023-10-29,11.08,10.92,11.28,10.76
2023-10-30,11.22,11.1,11.85,10.89
2023-10-31,11.36,11.22,11.98,10.96
2023-11-01,11.64,11.34,11.77,10.7
2023-11-02,11.0,11.66,11.74,10.85
2023-11-03,11.45,11.01,11.59,10.59
2023-11-04,11.5,11.46,11.62,11.16
2023-11-05,12.22,11.5,12.52,11.36
2023-11-06,12.98,12.22,13.24,12.14
2023-11-07,13.04,12.98,13.32,12.56
2023-11-08,14.94,13.05,14.97,12.86
2023-11-09,14.61,14.95,15.94,13.92
2023-11-10,15.49,14.55,15.64,14.14
2023-11-11,16.47,15.52,16.57,14.77
2023-11-12,16.03,16.47,16.52,15.5
2023-11-13,14.36,16.03,16.29,14.32
2023-11-14,13.95,14.34,14.91,13.5
2023-11-15,15.03,13.94,15.33,13.94
2023-11-16,13.87,15.03,15.19,13.63
2023-11-17,13.71,13.87,14.25,12.86
2023-11-18,13.75,13.7,13.81,12.94
2023-11-19,14.91,13.72,15.05,13.38
2023-11-20,14.47,14.93,15.39,14.38
2023-11-21,13.36,14.46,14.66,13.34
2023-11-22,14.21,13.33,14.61,13.33
2023-11-23,14.38,14.22,14.88,14.13
2023-11-24,14.48,14.4,14.8,14.25
2023-11-25,14.76,14.48,14.98,14.42
2023-11-26,14.77,14.76,15.33,14.48
2023-11-27,14.19,14.77,15.28,13.89
2023-11-28,14.52,14.18,14.7,13.79
2023-11-29,14.51,14.53,14.99,14.42
2023-11-30,14.41,14.5,14.83,14.28
2023-12-01,14.99,14.42,15.04,14.28
2023-12-02,15.99,15.0,16.19,14.92
2023-12-03,15.71,15.99,16.28,15.69
2023-12-04,15.81,15.72,16.39,15.18
2023-12-05,15.71,15.81,16.08,15.18
2023-12-06,15.28,15.73,16.15,15.25
2023-12-07,15.69,15.26,15.79,14.68
2023-12-08,16.92,15.75,17.25,15.57
2023-12-09,16.19,16.93,17.29,16.12
2023-12-10,16.37,16.2,16.45,15.81
2023-12-11,14.77,16.35,16.46,14.09
2023-12-12,14.52,14.76,15.13,14.18
2023-12-13,14.77,14.52,14.93,13.89
2023-12-14,15.37,14.8,15.58,14.53
2023-12-15,14.28,15.36,15.39,14.26
2023-12-16,14.33,14.29,14.8,14.11
2023-12-17,14.01,14.32,14.36,13.92
2023-12-18,14.67,14.03,14.67,13.65
2023-12-19,14.09,14.67,14.8,13.95
2023-12-20,14.25,14.09,14.8,13.98
2023-12-21,15.31,14.25,15.31,14.19
2023-12-22,15.48,15.32,15.72,15.08
2023-12-23,15.68,15.49,15.9,14.93
2023-12-24,15.26,15.67,15.93,15.16
2023-12-25,15.59,15.28,15.73,15.13
2023-12-26,15.09,15.59,15.88,14.34
2023-12-27,16.73,15.09,16.73,14.66
2023-12-28,16.01,16.72,17.62,15.99
2023-12-29,15.53,16.01,16.22,15.19
2023-12-30,15.16,15.54,15.62,15.03
2023-12-31,14.94,15.16,15.52,14.77
2024-01-01,15.54,14.93,15.57,14.83
2024-01-02,15.16,15.55,16.06,15.07
2024-01-03,14.15,15.15,15.57,12.4
2024-01-04,14.54,14.13,14.75,14.0
2024-01-05,14.09,14.54,14.65,13.78
2024-01-06,13.43,14.09,14.1,13.19
2024-01-07,13.14,13.43,13.73,13.0
2024-01-08,14.14,13.15,14.4,12.55
2024-01-09,13.72,14.14,14.25,13.38
2024-01-10,15.07,13.72,15.34,13.57
2024-01-11,15.02,15.09,15.67,14.6
2024-01-12,14.16,15.02,15.29,13.67
2024-01-13,14.34,14.14,14.43,13.81
2024-01-14,14.76,14.35,15.36,14.27
2024-01-15,15.18,14.78,16.01,14.78
2024-01-16,15.28,15.2,15.35,14.77
2024-01-17,15.77,15.29,16.37,15.28
2024-01-18,14.66,15.77,15.77,14.24
2024-01-19,16.11,14.65,16.36,14.48
2024-01-20,15.78,16.11,16.55,15.67
2024-01-21,15.4,15.75,15.9,15.38
2024-01-22,14.6,15.42,15.93,14.52
2024-01-23,14.31,14.59,14.88,13.58
2024-01-24,14.24,14.28,14.43,13.92
2024-01-25,13.74,14.23,14.26,13.52
2024-01-26,14.19,13.73,14.29,13.64
2024-01-27,14.35,14.19,14.4,14.1
2024-01-28,14.48,14.33,14.7,14.21
2024-01-29,15.0,14.48,15.08,14.28
2024-01-30,15.47,15.01,15.8,14.9
2024-01-31,15.44,15.5,16.05,15.09
2024-02-01,17.2,15.47,17.38,15.15
2024-02-02,17.83,17.21,18.88,17.14
2024-02-03,17.66,17.84,18.13,17.54
2024-02-04,18.16,17.67,18.69,17.55
2024-02-05,19.16,18.16,19.75,17.83
2024-02-06,18.28,19.15,19.33,18.28
2024-02-07,18.82,18.28,19.07,18.07
2024-02-08,18.21,18.82,19.27,18.03
2024-02-09,18.47,18.22,18.61,18.07
2024-02-10,19.08,18.47,19.13,18.01
2024-02-11,20.14,19.1,20.67,18.86
2024-02-12,20.46,20.16,20.83,19.8
2024-02-13,19.87,20.47,20.59,19.55
2024-02-14,20.24,19.87,20.42,19.72
2024-02-15,19.93,20.24,20.51,19.67
2024-02-16,19.55,19.93,20.3,19.2
2024-02-17,20.03,19.57,20.26,19.25
2024-02-18,20.11,20.03,20.37,19.77
2024-02-19,19.83,20.11,20.22,19.66
2024-02-20,19.28,19.83,19.88,18.54
2024-02-21,18.6,19.28,19.28,18.01
2024-02-22,18.12,18.59,19.01,18.08
2024-02-23,17.93,18.13,18.28,17.62
2024-02-24,18.53,17.94,18.55,17.77
2024-02-25,18.72,18.54,18.85,18.37
2024-02-26,19.09,18.73,19.26,18.14
2024-02-27,19.02,19.09,19.36,18.7
2024-02-28,19.44,19.02,20.71,18.18
2024-02-29,19.27,19.43,20.45,18.81
2024-03-01,20.05,19.29,20.09,19.27
2024-03-02,21.4,20.06,21.67,19.97
2024-03-03,20.5,21.41,21.52,19.69
2024-03-04,20.42,20.5,20.88,19.84
2024-03-05,18.99,20.41,21.01,17.18
2024-03-06,20.07,18.98,20.15,18.4
2024-03-07,20.09,20.11,20.38,19.61
2024-03-08,19.69,20.09,20.39,19.25
2024-03-09,19.98,19.69,20.32,19.67
2024-03-10,21.79,19.97,21.95,19.41
2024-03-11,21.27,21.75,22.72,20.82
2024-03-12,20.7,21.31,21.34,19.68
2024-03-13,20.75,20.71,20.95,20.22
2024-03-14,20.88,20.77,21.95,19.97
2024-03-15,19.63,20.88,20.99,18.55
2024-03-16,18.12,19.63,19.82,17.85
2024-03-17,18.67,18.19,18.82,17.43
2024-03-18,18.3,18.67,19.49,18.07
2024-03-19,16.82,18.27,18.44,16.5
2024-03-20,18.41,16.78,18.49,16.28
2024-03-21,18.45,18.39,18.92,17.89
2024-03-22,18.36,18.46,18.58,17.34
2024-03-23,18.06,18.38,18.47,17.91
2024-03-24,18.52,18.06,18.62,17.98
2024-03-25,19.38,18.53,19.48,18.38
2024-03-26,20.01,19.38,20.73,19.34
2024-03-27,19.29,20.04,20.18,19.01
2024-03-28,19.14,19.28,19.78,19.05
2024-03-29,18.97,19.14,19.29,18.75
2024-03-30,18.94,18.98,19.29,18.78
2024-03-31,19.17,18.92,19.35,18.88
2024-04-01,18.37,19.17,19.27,17.86
2024-04-02,17.94,18.35,18.48,17.42
2024-04-03,17.68,17.95,18.3,17.39
2024-04-04,17.8,17.68,18.25,17.4
2024-04-05,17.32,17.76,17.76,16.87
2024-04-06,17.56,17.32,17.66,17.26
2024-04-07,17.91,17.56,17.94,17.5
2024-04-08,18.1,17.91,18.67,17.55
2024-04-09,17.36,18.1,18.17,17.26
2024-04-10,17.42,17.33,17.58,16.92
2024-04-11,17.56,17.4,17.62,17.01
2024-04-12,15.16,17.55,17.87,13.57
2024-04-13,13.26,15.14,15.39,11.94
2024-04-14,14.09,13.27,14.23,12.73
2024-04-15,13.58,14.07,14.65,13.24
2024-04-16,13.47,13.56,13.81,12.82
2024-04-17,13.14,13.45,13.6,12.74
2024-04-18,13.88,13.13,13.98,12.83
2024-04-19,13.93,13.86,14.1,12.8
2024-04-20,14.96,13.94,15.03,13.76
2024-04-21,15.1,14.95,15.13,14.54
2024-04-22,15.44,15.1,16.03,15.02
2024-04-23,15.18,15.44,15.57,15.1
2024-04-24,14.54,15.18,15.64,14.37
2024-04-25,14.59,14.53,14.9,14.38
2024-04-26,14.48,14.58,14.93,14.36
2024-04-27,14.26,14.49,14.52,13.88
2024-04-28,13.81,14.25,14.44,13.74
2024-04-29,14.07,13.81,14.18,13.74
2024-04-30,13.13,14.08,14.2,12.82
2024-05-01,13.35,13.13,13.49,12.43
2024-05-02,13.59,13.36,13.77,12.94
2024-05-03,14.09,13.6,14.2,13.47
2024-05-04,14.32,14.09,14.47,13.99
2024-05-05,14.37,14.31,14.65,14.11
2024-05-06,14.48,14.37,15.16,14.28
2024-05-07,14.0,14.49,14.71,13.98
2024-05-08,13.9,14.0,14.1,13.7
2024-05-09,14.24,13.9,14.36,13.84
2024-05-10,13.56,14.23,14.37,13.5
2024-05-11,13.3,13.56,13.81,13.28
2024-05-12,13.56,13.3,13.59,13.3
2024-05-13,13.39,13.57,13.67,13.08
2024-05-14,12.98,13.38,13.6,12.94
2024-05-15,13.89,13.01,13.94,12.84
2024-05-16,15.52,13.86,15.84,13.56
2024-05-17,16.24,15.55,16.73,15.49
2024-05-18,16.32,16.23,16.55,16.05
2024-05-19,16.56,16.33,17.1,16.3
2024-05-20,17.26,16.57,17.45,16.39
2024-05-21,16.74,17.26,17.42,16.51
2024-05-22,16.36,16.77,16.92,16.18
2024-05-23,16.6,16.36,16.8,15.53
2024-05-24,17.25,16.59,17.77,16.57
2024-05-25,17.44,17.25,17.47,16.93
2024-05-26,17.04,17.45,17.89,17.03
2024-05-27,18.78,17.03,18.86,16.89
2024-05-28,18.54,18.77,18.83,17.88
2024-05-29,18.46,18.57,19.22,18.04
2024-05-30,17.94,18.46,19.19,17.8
2024-05-31,18.42,17.93,18.73,17.48
2024-06-01,18.44,18.41,18.67,18.27
2024-06-02,18.15,18.43,18.56,18.07
2024-06-03,17.63,18.15,18.35,17.54
2024-06-04,17.72,17.62,17.84,17.5
2024-06-05,17.74,17.7,18.08,17.62
2024-06-06,17.25,17.75,17.77,17.11
2024-06-07,16.33,17.26,17.71,15.42
2024-06-08,15.93,16.32,16.42,15.7
2024-06-09,16.37,15.91,16.38,15.91
2024-06-10,15.9,16.37,16.39,15.78
2024-06-11,14.99,15.89,15.91,14.7
2024-06-12,16.01,14.99,16.23,14.74
2024-06-13,15.15,16.0,16.04,15.08
2024-06-14,14.75,15.15,15.46,14.47
2024-06-15,14.86,14.74,15.11,14.7
2024-06-16,15.14,14.86,15.22,14.58
2024-06-17,14.52,15.14,15.21,14.04
2024-06-18,13.98,14.54,14.6,12.94
2024-06-19,14.35,13.99,14.5,13.92
2024-06-20,14.25,14.34,14.83,14.2
2024-06-21,13.85,14.26,14.59,13.85
2024-06-22,13.48,13.85,13.91,13.47
2024-06-23,13.19,13.48,13.68,13.15
2024-06-24,13.61,13.2,13.68,12.79
2024-06-25,14.2,13.63,14.29,13.57
2024-06-26,13.91,14.21,14.29,13.86
2024-06-27,14.43,13.92,14.55,13.59
2024-06-28,13.78,14.44,14.58,13.76
2024-06-29,13.53,13.77,14.16,13.49
2024-06-30,14.28,13.52,14.35,13.45
2024-07-01,14.34,14.29,14.58,14.23
2024-07-02,14.42,14.34,14.75,14.26
2024-07-03,13.59,14.41,14.58,13.57
2024-07-04,12.52,13.59,13.74,12.52
2024-07-05,12.3,12.53,12.53,11.15
2024-07-06,13.19,12.29,13.28,12.19
2024-07-07,12.35,13.19,13.19,12.29
2024-07-08,13.12,12.34,13.52,11.79
2024-07-09,12.84,13.1,13.31,12.73
2024-07-10,12.79,12.83,13.15,12.7
2024-07-11,12.35,12.79,13.12,12.3
2024-07-12,12.73,12.36,12.82,12.23
2024-07-13,13.02,12.74,13.12,12.7
2024-07-14,13.45,13.02,13.52,12.9
2024-07-15,14.41,13.45,14.48,13.4
2024-07-16,14.2,14.39,14.61,13.83
2024-07-17,13.74,14.21,14.5,13.73
2024-07-18,13.59,13.76,13.98,13.42
2024-07-19,14.08,13.6,14.14,13.35
2024-07-20,14.25,14.08,14.33,13.86
2024-07-21,14.82,14.24,15.01,13.96
2024-07-22,13.93,14.82,14.88,13.8
2024-07-23,13.91,13.93,14.15,13.51
2024-07-24,13.4,13.9,13.95,13.26
2024-07-25,12.94,13.4,13.45,12.48
2024-07-26,13.53,12.92,13.64,12.92
2024-07-27,13.54,13.52,13.87,13.29
2024-07-28,13.3,13.55,13.64,13.2
2024-07-29,13.54,13.32,13.9,13.3
2024-07-30,13.14,13.54,13.79,13.0
2024-07-31,12.83,13.13,13.39,12.78
2024-08-01,12.9,12.82,13.1,12.15
2024-08-02,11.92,12.88,12.94,11.78
2024-08-03,11.69,11.9,12.13,11.36
2024-08-04,10.88,11.69,11.78,10.5
2024-08-05,9.48,10.91,10.96,8.14
2024-08-06,10.07,9.48,10.45,9.48
2024-08-07,9.48,10.05,10.47,9.42
2024-08-08,10.75,9.47,10.81,9.36
2024-08-09,10.53,10.75,10.75,10.17
2024-08-10,10.56,10.53,10.7,10.47
2024-08-11,10.0,10.56,10.82,9.96
2024-08-12,10.55,10.0,10.74,9.95
2024-08-13,10.57,10.53,10.68,10.1
2024-08-14,10.39,10.58,10.74,10.24
2024-08-15,10.17,10.4,10.68,10.0
2024-08-16,10.13,10.17,10.4,9.94
2024-08-17,10.16,10.12,10.18,10.03
2024-08-18,10.08,10.15,10.47,10.06
2024-08-19,10.18,10.07,10.2,9.95
2024-08-20,10.23,10.18,10.54,10.05
2024-08-21,11.22,10.24,11.38,10.17
2024-08-22,11.47,11.22,11.61,11.17
2024-08-23,12.05,11.47,12.18,11.46
2024-08-24,12.35,12.06,12.56,11.91
2024-08-25,12.09,12.35,12.36,11.95
2024-08-26,11.84,12.1,12.69,11.84
2024-08-27,11.16,11.84,12.05,10.92
2024-08-28,11.17,11.14,11.7,10.94
2024-08-29,10.95,11.17,11.46,10.83
2024-08-30,11.11,10.93,11.19,10.52
2024-08-31,11.01,11.12,11.2,10.94
2024-09-01,10.37,11.02,11.02,10.25
2024-09-02,10.77,10.36,10.82,10.33
2024-09-03,10.31,10.76,10.87,10.23
2024-09-04,10.33,10.31,10.49,9.87
2024-09-05,10.03,10.34,10.39,9.92
2024-09-06,9.57,10.03,10.18,9.3
2024-09-07,10.03,9.58,10.16,9.56
2024-09-08,10.35,10.03,10.45,9.97
2024-09-09,10.54,10.36,10.82,10.27
2024-09-10,10.58,10.54,10.72,10.33
2024-09-11,10.39,10.59,10.59,10.18
2024-09-12,10.79,10.4,10.8,10.4
2024-09-13,11.45,10.79,11.55,10.65
2024-09-14,11.29,11.45,11.48,11.23
2024-09-15,10.82,11.29,11.36,10.8
2024-09-16,10.54,10.8,10.82,10.41
2024-09-17,10.63,10.54,10.91,10.43
2024-09-18,10.89,10.62,10.89,10.29
2024-09-19,11.2,10.9,11.4,10.9
2024-09-20,11.44,11.21,11.74,11.13
2024-09-21,11.5,11.44,11.55,11.21
2024-09-22,11.13,11.5,11.54,10.86
2024-09-23,11.39,11.13,11.6,10.93
2024-09-24,12.15,11.39,12.23,11.2
2024-09-25,12.11,12.18,12.55,12.07
2024-09-26,12.56,12.12,12.74,11.88
2024-09-27,12.66,12.57,12.88,12.45
2024-09-28,12.94,12.66,12.97,12.38
2024-09-29,12.47,12.94,12.97,12.44
2024-09-30,11.86,12.46,12.47,11.77
2024-10-01,11.02,11.85,12.25,10.86
2024-10-02,10.66,11.0,11.31,10.45
2024-10-03,10.65,10.65,10.87,10.35
2024-10-04,11.07,10.66,11.24,10.6
2024-10-05,11.27,11.07,11.38,10.99
2024-10-06,11.28,11.28,11.4,11.16
2024-10-07,11.16,11.27,11.75,11.13
2024-10-08,10.83,11.17,11.29,10.79
2024-10-09,10.53,10.84,10.97,10.42
2024-10-10,10.56,10.54,10.74,10.26
2024-10-11,10.9,10.56,11.03,10.5
2024-10-12,11.01,10.91,11.15,10.83
2024-10-13,10.75,11.0,11.08,10.63
2024-10-14,11.28,10.75,11.34,10.6
2024-10-15,11.45,11.29,11.68,10.95
2024-10-16,11.24,11.46,11.53,11.08
2024-10-17,11.03,11.24,11.35,10.86
2024-10-18,11.47,11.01,11.5,10.98
2024-10-19,11.42,11.48,11.6,11.3
2024-10-20,11.98,11.42,12.04,11.27
2024-10-21,11.71,11.99,12.03,11.54
2024-10-22,11.98,11.72,12.33,11.6
2024-10-23,11.34,11.97,12.0,11.05
2024-10-24,11.61,11.32,11.64,11.23
2024-10-25,11.14,11.63,12.09,10.86
2024-10-26,11.0,11.07,11.39,10.83
2024-10-27,10.98,11.01,11.18,10.86
2024-10-28,11.18,10.99,11.24,10.71
2024-10-29,11.79,11.18,11.81,11.15
2024-10-30,12.38,11.81,12.45,11.66
2024-10-31,11.42,12.43,12.45,11.34
2024-11-01,11.25,11.42,11.72,11.16
2024-11-02,11.18,11.25,11.39,11.08
2024-11-03,10.76,11.19,11.23,10.52
2024-11-04,10.26,10.75,10.91,10.1
2024-11-05,10.83,10.25,10.93,10.19
2024-11-06,12.17,10.83,12.31,10.81
2024-11-07,12.59,12.18,12.7,12.08
2024-11-08,13.69,12.61,13.74,12.53
2024-11-09,13.78,13.68,13.83,13.29
2024-11-10,14.26,13.77,14.84,13.68
2024-11-11,14.91,14.24,14.92,13.62
2024-11-12,13.95,14.91,15.33,13.67
2024-11-13,13.48,13.95,14.37,13.08
2024-11-14,12.99,13.46,13.82,12.82
2024-11-15,13.83,12.96,13.9,12.73
2024-11-16,14.51,13.85,14.78,13.75
2024-11-17,13.78,14.53,14.89,13.58
2024-11-18,15.26,13.77,15.98,13.76
2024-11-19,14.62,15.28,15.42,14.42
2024-11-20,14.24,14.61,15.32,14.04
2024-11-21,14.89,14.24,15.37,13.85
2024-11-22,16.53,14.9,16.57,14.73
2024-11-23,17.39,16.57,18.36,16.31
2024-11-24,17.91,17.34,18.32,16.18
2024-11-25,17.32,17.91,19.02,17.17
2024-11-26,17.35,17.36,17.83,16.2
2024-11-27,18.67,17.33,18.97,16.97
2024-11-28,17.93,18.67,18.67,17.49
2024-11-29,18.25,17.96,18.39,17.53
2024-11-30,18.99,18.24,19.42,17.95
2024-12-01,18.92,18.98,19.1,18.44
2024-12-02,25.22,18.99,26.79,18.61
2024-12-03,24.11,25.2,26.11,22.8
2024-12-04,24.05,24.18,26.42,23.64
2024-12-05,23.15,24.07,24.81,22.57
2024-12-06,25.87,23.23,25.92,22.79
2024-12-07,24.79,25.87,26.77,24.45
2024-12-08,26.06,24.8,27.38,24.7
2024-12-09,22.33,26.15,27.33,20.08
2024-12-10,22.12,22.22,23.72,20.33
2024-12-11,24.07,22.14,24.31,21.17
2024-12-12,29.08,24.06,29.41,23.89
2024-12-13,29.06,29.1,30.86,27.59
2024-12-14,29.13,29.0,30.74,28.76
2024-12-15,29.26,29.16,29.81,28.03
2024-12-16,28.75,29.28,30.77,28.41
2024-12-17,27.81,28.74,28.97,27.37
2024-12-18,24.89,27.88,28.35,24.75
2024-12-19,22.82,24.88,25.56,21.74
2024-12-20,23.4,22.9,23.68,20.06
2024-12-21,22.1,23.35,24.93,21.8
2024-12-22,22.09,22.12,22.77,21.34
2024-12-23,24.56,22.09,24.95,21.52
2024-12-24,25.42,24.57,25.97,23.55
2024-12-25,24.42,25.44,25.55,24.15
2024-12-26,22.68,24.41,24.69,22.43
2024-12-27,21.57,22.68,23.66,21.4
2024-12-28,21.99,21.56,22.37,21.07
2024-12-29,20.95,22.02,22.02,20.78
2024-12-30,20.57,20.91,21.8,20.11
2024-12-31,20.01,20.57,21.18,19.86
2025-01-01,21.71,19.99,21.84,19.72
2025-01-02,22.07,21.74,22.9,21.74
2025-01-03,23.48,22.07,23.89,21.64
2025-01-04,23.59,23.51,24.01,22.88
2025-01-05,23.59,23.6,23.82,22.88
2025-01-06,23.83,23.6,24.74,23.02
2025-01-07,21.38,23.8,23.84,21.2
2025-01-08,20.45,21.46,21.71,19.62
2025-01-09,19.64,20.42,20.71,19.16
2025-01-10,20.24,19.7,20.51,19.54
2025-01-11,20.21,20.25,20.69,19.81
2025-01-12,19.84,20.21,20.32,19.59
2025-01-13,19.36,19.85,20.42,18.03
2025-01-14,20.31,19.36,20.49,19.26
2025-01-15,22.09,20.36,22.14,20.1
2025-01-16,23.01,22.08,23.77,21.3
2025-01-17,25.11,23.04,25.22,23.04
2025-01-18,24.1,25.17,25.63,23.39
2025-01-19,24.36,24.03,26.7,22.24
2025-01-20,25.09,24.26,26.91,23.44
2025-01-21,26.67,25.05,27.07,23.69
2025-01-22,25.28,26.75,27.19,25.15
2025-01-23,25.67,25.24,26.19,24.01
2025-01-24,25.17,25.7,26.43,24.87
2025-01-25,24.92,25.13,25.42,24.71
2025-01-26,24.88,24.94,26.38,24.88
2025-01-27,24.2,24.82,25.12,22.19
2025-01-28,22.62,24.22,24.66,22.39
2025-01-29,23.63,22.61,24.44,22.35
2025-01-30,24.45,23.7,25.18,23.43
2025-01-31,25.84,24.49,25.92,24.15
